@T,table,,,,,,,,,,,,,,,
Created,2018-05-10 13:28,,,,,,,,,,,,,,,
Author,HortonMachine library,,,,,,,,,,,,,,,
@H,timestamp,value_135,value_105,value_106,value_108,value_112,value_49,value_145,value_50,value_51,value_147,value_52,value_53,value_54,value_55,value_56
ID,  ,135,105,106,108,112,49,145,50,51,147,52,53,54,55,56
Type,Date,Double,Double,Double,Double,Double,Double,Double,Double,Double,Double,Double,Double,Double,Double,Double
Format,yyyy-MM-dd HH:mm,,,,,,,,,,,,,,,
,2008-01-01 00:00,-12.68,-14.52,-14.35,-14.05,-12.38,-14.49,-12.54,-13.59,-13.83,-11.66,-12.87,-12.04,-11.56,-10.51,-8.42
,2008-01-01 01:00,-12.73,-14.69,-14.52,-14.18,-12.49,-14.66,-12.59,-13.72,-13.98,-11.66,-12.96,-12.10,-11.58,-10.50,-8.54
,2008-01-01 02:00,-12.65,-14.71,-14.54,-14.17,-12.46,-14.68,-12.50,-13.70,-13.97,-11.52,-12.90,-12.00,-11.45,-10.35,-8.47
,2008-01-01 03:00,-12.74,-14.84,-14.70,-14.33,-12.58,-14.83,-12.58,-13.82,-14.09,-11.58,-13.00,-12.07,-11.52,-10.39,-8.50
,2008-01-01 04:00,-12.75,-14.71,-14.57,-14.22,-12.58,-14.70,-12.58,-13.76,-14.01,-11.66,-12.99,-12.12,-11.60,-10.55,-8.74
,2008-01-01 05:00,-12.75,-14.69,-14.54,-14.19,-12.61,-14.67,-12.59,-13.75,-14.00,-11.68,-13.00,-12.15,-11.63,-10.61,-8.90
,2008-01-01 06:00,-12.94,-14.82,-14.66,-14.32,-12.78,-14.80,-12.79,-13.91,-14.15,-11.91,-13.18,-12.36,-11.85,-10.85,-9.12
,2008-01-01 07:00,-13.49,-15.18,-14.99,-14.69,-13.28,-15.13,-13.34,-14.36,-14.58,-12.57,-13.72,-12.97,-12.51,-11.57,-9.83
,2008-01-01 08:00,-14.75,-16.16,-15.98,-15.76,-14.40,-16.11,-14.60,-15.45,-15.64,-13.92,-14.90,-14.24,-13.85,-12.92,-10.80
,2008-01-01 09:00,-15.31,-16.50,-16.25,-16.08,-14.79,-16.40,-15.18,-15.86,-16.04,-14.61,-15.42,-14.86,-14.50,-13.60,-11.20
,2008-01-01 10:00,-15.57,-16.68,-16.39,-16.28,-14.93,-16.54,-15.43,-16.03,-16.22,-14.86,-15.62,-15.07,-14.74,-13.79,-11.10
,2008-01-01 11:00,-14.97,-16.49,-16.16,-16.05,-14.18,-16.31,-14.85,-15.55,-15.81,-14.00,-14.96,-14.20,-13.82,-12.62,-9.30
,2008-01-01 12:00,-13.74,-15.31,-15.06,-14.96,-12.99,-15.17,-13.63,-14.31,-14.58,-12.71,-13.66,-12.87,-12.52,-11.32,-8.02
,2008-01-01 13:00,-13.18,-14.66,-14.45,-14.38,-12.44,-14.53,-13.10,-13.68,-13.95,-12.18,-13.05,-12.28,-11.97,-10.84,-7.58
,2008-01-01 14:00,-13.71,-14.92,-14.82,-14.81,-12.96,-14.84,-13.63,-14.05,-14.29,-12.80,-13.48,-12.79,-12.57,-11.51,-8.19
,2008-01-01 15:00,-15.00,-16.17,-16.00,-15.98,-14.14,-16.06,-14.94,-15.34,-15.57,-14.15,-14.81,-14.16,-13.91,-12.83,-9.35
,2008-01-01 16:00,-16.17,-17.28,-17.04,-17.01,-15.32,-17.14,-16.12,-16.52,-16.73,-15.41,-16.05,-15.45,-15.17,-14.14,-10.77
,2008-01-01 17:00,-16.81,-17.81,-17.58,-17.55,-16.02,-17.67,-16.75,-17.12,-17.32,-16.11,-16.70,-16.15,-15.89,-14.93,-11.76
,2008-01-01 18:00,-17.21,-18.23,-18.00,-17.96,-16.43,-18.10,-17.14,-17.55,-17.74,-16.50,-17.12,-16.57,-16.30,-15.32,-12.13
,2008-01-01 19:00,-17.38,-18.21,-18.04,-18.03,-16.62,-18.11,-17.28,-17.63,-17.80,-16.74,-17.26,-16.77,-16.56,-15.65,-12.50
,2008-01-01 20:00,-17.57,-18.34,-18.22,-18.21,-16.86,-18.26,-17.45,-17.80,-17.96,-16.94,-17.44,-16.96,-16.77,-15.88,-12.80
,2008-01-01 21:00,-17.65,-18.43,-18.28,-18.28,-16.96,-18.34,-17.55,-17.88,-18.04,-17.02,-17.53,-17.05,-16.85,-15.97,-12.96
,2008-01-01 22:00,-17.82,-18.59,-18.40,-18.39,-17.12,-18.47,-17.76,-18.05,-18.21,-17.23,-17.72,-17.26,-17.05,-16.20,-13.26
,2008-01-01 23:00,-17.98,-18.72,-18.50,-18.50,-17.20,-18.59,-17.94,-18.18,-18.34,-17.43,-17.87,-17.44,-17.22,-16.36,-13.30
,2008-01-02 00:00,-17.99,-18.74,-18.50,-18.52,-17.21,-18.59,-17.97,-18.18,-18.35,-17.44,-17.87,-17.43,-17.22,-16.37,-13.29
,2008-01-02 01:00,-18.07,-18.91,-18.65,-18.65,-17.26,-18.75,-18.04,-18.30,-18.48,-17.48,-17.96,-17.48,-17.25,-16.35,-13.18
,2008-01-02 02:00,-18.14,-19.01,-18.71,-18.69,-17.30,-18.84,-18.13,-18.39,-18.58,-17.57,-18.06,-17.59,-17.33,-16.43,-13.26
,2008-01-02 03:00,-18.08,-18.96,-18.61,-18.58,-17.20,-18.77,-18.11,-18.34,-18.53,-17.55,-18.03,-17.58,-17.30,-16.41,-13.25
,2008-01-02 04:00,-18.04,-18.85,-18.50,-18.48,-17.17,-18.65,-18.07,-18.27,-18.44,-17.55,-17.99,-17.56,-17.29,-16.45,-13.41
,2008-01-02 05:00,-18.04,-18.93,-18.57,-18.54,-17.19,-18.73,-18.08,-18.32,-18.50,-17.54,-18.01,-17.56,-17.28,-16.42,-13.40
,2008-01-02 06:00,-18.33,-19.23,-18.85,-18.80,-17.46,-19.03,-18.35,-18.62,-18.80,-17.82,-18.32,-17.87,-17.57,-16.70,-13.69
,2008-01-02 07:00,-18.42,-19.24,-18.91,-18.89,-17.54,-19.06,-18.42,-18.65,-18.83,-17.90,-18.36,-17.92,-17.66,-16.78,-13.63
,2008-01-02 08:00,-18.34,-19.01,-18.70,-18.71,-17.44,-18.84,-18.34,-18.50,-18.66,-17.90,-18.26,-17.88,-17.66,-16.82,-13.61
,2008-01-02 09:00,-18.05,-18.89,-18.41,-18.40,-17.03,-18.62,-18.13,-18.27,-18.46,-17.60,-18.02,-17.61,-17.30,-16.41,-13.13
,2008-01-02 10:00,-17.34,-18.44,-17.93,-17.91,-16.39,-18.15,-17.44,-17.67,-17.90,-16.75,-17.32,-16.80,-16.45,-15.49,-12.31
,2008-01-02 11:00,-15.92,-17.26,-16.77,-16.71,-15.10,-16.98,-16.00,-16.38,-16.63,-15.20,-15.93,-15.31,-14.93,-13.94,-11.00
,2008-01-02 12:00,-14.76,-16.00,-15.58,-15.53,-14.02,-15.76,-14.83,-15.18,-15.41,-14.08,-14.74,-14.16,-13.82,-12.91,-10.16
,2008-01-02 13:00,-14.81,-15.90,-15.54,-15.51,-14.02,-15.69,-14.89,-15.15,-15.36,-14.19,-14.75,-14.22,-13.92,-13.03,-10.15
,2008-01-02 14:00,-14.70,-15.66,-15.34,-15.34,-13.97,-15.47,-14.75,-14.98,-15.17,-14.12,-14.61,-14.12,-13.88,-13.06,-10.31
,2008-01-02 15:00,-14.92,-15.66,-15.42,-15.45,-14.20,-15.51,-14.92,-15.08,-15.25,-14.39,-14.77,-14.34,-14.17,-13.41,-10.63
,2008-01-02 16:00,-15.51,-16.25,-16.00,-16.01,-14.73,-16.10,-15.51,-15.68,-15.85,-15.01,-15.39,-14.97,-14.78,-13.99,-11.09
,2008-01-02 17:00,-16.44,-17.38,-16.98,-16.98,-15.56,-17.15,-16.55,-16.69,-16.89,-15.92,-16.37,-15.91,-15.62,-14.76,-11.77
,2008-01-02 18:00,-16.77,-17.66,-17.22,-17.21,-15.83,-17.40,-16.90,-17.00,-17.20,-16.30,-16.72,-16.29,-15.99,-15.14,-12.08
,2008-01-02 19:00,-16.55,-17.39,-17.00,-17.01,-15.70,-17.16,-16.67,-16.77,-16.95,-16.08,-16.49,-16.06,-15.79,-14.97,-12.07
,2008-01-02 20:00,-16.01,-16.74,-16.35,-16.37,-15.17,-16.51,-16.14,-16.18,-16.35,-15.62,-15.95,-15.58,-15.33,-14.58,-11.82
,2008-01-02 21:00,-15.91,-16.59,-16.23,-16.27,-15.13,-16.37,-16.04,-16.05,-16.21,-15.53,-15.83,-15.48,-15.25,-14.55,-11.88
,2008-01-02 22:00,-16.13,-16.82,-16.60,-16.64,-15.47,-16.66,-16.18,-16.28,-16.44,-15.64,-16.00,-15.59,-15.40,-14.66,-11.99
,2008-01-02 23:00,-15.96,-16.78,-16.52,-16.50,-15.24,-16.63,-16.00,-16.21,-16.38,-15.45,-15.91,-15.47,-15.22,-14.41,-11.67
,2008-01-03 00:00,-16.09,-16.81,-16.57,-16.58,-15.46,-16.66,-16.13,-16.29,-16.44,-15.61,-16.01,-15.61,-15.39,-14.67,-12.16
,2008-01-03 01:00,-16.12,-16.98,-16.67,-16.64,-15.46,-16.80,-16.20,-16.40,-16.57,-15.64,-16.10,-15.67,-15.40,-14.65,-12.18
,2008-01-03 02:00,-16.03,-16.87,-16.56,-16.54,-15.40,-16.68,-16.11,-16.30,-16.47,-15.55,-16.01,-15.59,-15.32,-14.59,-12.18
,2008-01-03 03:00,-15.73,-16.60,-16.27,-16.24,-15.16,-16.41,-15.81,-16.03,-16.20,-15.25,-15.74,-15.31,-15.03,-14.32,-12.08
,2008-01-03 04:00,-14.87,-15.90,-15.53,-15.44,-14.36,-15.70,-14.97,-15.28,-15.46,-14.37,-14.96,-14.50,-14.16,-13.46,-11.46
,2008-01-03 05:00,-14.58,-15.54,-15.15,-15.05,-13.96,-15.34,-14.67,-14.97,-15.14,-14.15,-14.68,-14.28,-13.93,-13.22,-11.10
,2008-01-03 06:00,-14.54,-15.50,-15.07,-14.96,-13.83,-15.29,-14.67,-14.93,-15.10,-14.15,-14.66,-14.27,-13.90,-13.19,-10.95
,2008-01-03 07:00,-13.35,-14.49,-13.95,-13.77,-12.66,-14.23,-13.51,-13.85,-14.04,-12.96,-13.57,-13.16,-12.71,-12.00,-10.04
,2008-01-03 08:00,-12.80,-13.99,-13.48,-13.30,-12.18,-13.75,-12.95,-13.33,-13.52,-12.38,-13.02,-12.58,-12.14,-11.44,-9.58
,2008-01-03 09:00,-12.29,-13.52,-13.04,-12.89,-11.70,-13.28,-12.46,-12.80,-13.00,-11.80,-12.44,-11.96,-11.55,-10.84,-8.97
,2008-01-03 10:00,-11.27,-12.56,-12.15,-11.99,-10.70,-12.36,-11.42,-11.81,-12.02,-10.73,-11.41,-10.89,-10.48,-9.73,-7.79
,2008-01-03 11:00,-10.65,-11.83,-11.52,-11.39,-10.15,-11.68,-10.77,-11.12,-11.32,-10.10,-10.72,-10.21,-9.87,-9.16,-7.29
,2008-01-03 12:00,-10.18,-11.03,-10.92,-10.86,-9.81,-10.98,-10.20,-10.49,-10.64,-9.68,-10.13,-9.71,-9.52,-8.93,-7.19
,2008-01-03 13:00,-10.68,-11.55,-11.33,-11.27,-10.19,-11.44,-10.76,-10.98,-11.14,-10.22,-10.66,-10.25,-10.01,-9.40,-7.53
,2008-01-03 14:00,-10.87,-11.90,-11.58,-11.48,-10.30,-11.73,-11.00,-11.25,-11.43,-10.39,-10.90,-10.45,-10.15,-9.47,-7.50
,2008-01-03 15:00,-11.11,-11.93,-11.68,-11.63,-10.56,-11.79,-11.23,-11.38,-11.54,-10.71,-11.09,-10.71,-10.48,-9.87,-7.91
,2008-01-03 16:00,-11.68,-12.59,-12.25,-12.19,-11.08,-12.41,-11.82,-11.99,-12.16,-11.26,-11.70,-11.29,-11.02,-10.38,-8.39
,2008-01-03 17:00,-12.00,-12.93,-12.57,-12.51,-11.39,-12.73,-12.14,-12.32,-12.49,-11.57,-12.02,-11.61,-11.33,-10.68,-8.66
,2008-01-03 18:00,-11.94,-12.69,-12.46,-12.43,-11.40,-12.56,-12.02,-12.17,-12.32,-11.53,-11.89,-11.52,-11.32,-10.73,-8.73
,2008-01-03 19:00,-12.20,-12.86,-12.63,-12.62,-11.62,-12.73,-12.28,-12.38,-12.52,-11.82,-12.13,-11.80,-11.61,-11.03,-8.97
,2008-01-03 20:00,-12.04,-12.65,-12.44,-12.43,-11.48,-12.53,-12.12,-12.19,-12.33,-11.69,-11.96,-11.64,-11.47,-10.92,-8.89
,2008-01-03 21:00,-11.98,-12.62,-12.41,-12.40,-11.43,-12.50,-12.06,-12.16,-12.29,-11.62,-11.91,-11.58,-11.41,-10.85,-8.83
,2008-01-03 22:00,-11.45,-12.17,-11.96,-11.93,-10.94,-12.05,-11.53,-11.67,-11.81,-11.05,-11.40,-11.05,-10.85,-10.28,-8.37
,2008-01-03 23:00,-11.23,-11.91,-11.71,-11.69,-10.74,-11.79,-11.31,-11.43,-11.57,-10.85,-11.18,-10.84,-10.65,-10.11,-8.28
,2008-01-04 00:00,-10.97,-11.68,-11.46,-11.43,-10.49,-11.56,-11.05,-11.20,-11.33,-10.59,-10.93,-10.59,-10.39,-9.85,-8.06
,2008-01-04 01:00,-10.54,-11.34,-11.15,-11.09,-10.10,-11.24,-10.61,-10.83,-10.97,-10.11,-10.52,-10.14,-9.92,-9.36,-7.63
,2008-01-04 02:00,-10.53,-11.43,-11.29,-11.21,-10.13,-11.36,-10.56,-10.88,-11.03,-10.01,-10.51,-10.08,-9.85,-9.23,-7.47
,2008-01-04 03:00,-10.67,-11.45,-11.33,-11.27,-10.25,-11.39,-10.69,-10.95,-11.09,-10.19,-10.62,-10.22,-10.03,-9.44,-7.65
,2008-01-04 04:00,-10.60,-11.33,-11.21,-11.17,-10.19,-11.26,-10.62,-10.85,-10.98,-10.14,-10.54,-10.16,-9.98,-9.41,-7.64
,2008-01-04 05:00,-10.56,-11.26,-11.17,-11.14,-10.15,-11.21,-10.57,-10.80,-10.93,-10.10,-10.49,-10.11,-9.95,-9.37,-7.57
,2008-01-04 06:00,-10.55,-11.25,-11.17,-11.13,-10.13,-11.20,-10.56,-10.78,-10.91,-10.09,-10.47,-10.09,-9.93,-9.34,-7.49
,2008-01-04 07:00,-10.43,-11.09,-11.03,-11.01,-10.03,-11.05,-10.43,-10.64,-10.76,-9.97,-10.33,-9.96,-9.82,-9.26,-7.44
,2008-01-04 08:00,-10.07,-10.66,-10.61,-10.61,-9.69,-10.62,-10.08,-10.24,-10.36,-9.64,-9.96,-9.61,-9.49,-8.97,-7.21
,2008-01-04 09:00,-9.39,-10.12,-10.02,-10.00,-8.96,-10.05,-9.41,-9.61,-9.75,-8.90,-9.29,-8.90,-8.74,-8.14,-6.29
,2008-01-04 10:00,-8.15,-9.05,-8.99,-8.95,-7.81,-9.01,-8.15,-8.47,-8.62,-7.55,-8.06,-7.59,-7.40,-6.76,-5.01
,2008-01-04 11:00,-7.99,-8.86,-8.77,-8.74,-7.57,-8.80,-8.01,-8.28,-8.44,-7.42,-7.89,-7.44,-7.25,-6.60,-4.72
,2008-01-04 12:00,-8.49,-9.15,-9.11,-9.12,-8.05,-9.11,-8.50,-8.66,-8.80,-7.99,-8.34,-7.95,-7.83,-7.23,-5.28
,2008-01-04 13:00,-8.58,-9.32,-9.21,-9.22,-8.10,-9.24,-8.63,-8.78,-8.93,-8.07,-8.45,-8.04,-7.88,-7.26,-5.28
,2008-01-04 14:00,-8.36,-9.13,-9.07,-9.08,-7.90,-9.08,-8.37,-8.57,-8.73,-7.80,-8.21,-7.77,-7.62,-6.97,-4.95
,2008-01-04 15:00,-8.53,-9.24,-9.24,-9.26,-8.12,-9.22,-8.51,-8.72,-8.86,-7.96,-8.35,-7.92,-7.81,-7.17,-5.17
,2008-01-04 16:00,-9.26,-9.89,-9.87,-9.90,-8.79,-9.86,-9.24,-9.40,-9.54,-8.73,-9.07,-8.67,-8.57,-7.94,-5.85
,2008-01-04 17:00,-9.20,-9.95,-9.91,-9.91,-8.75,-9.91,-9.17,-9.41,-9.56,-8.63,-9.05,-8.61,-8.48,-7.81,-5.74
,2008-01-04 18:00,-9.34,-10.05,-10.01,-10.02,-8.89,-10.01,-9.32,-9.53,-9.67,-8.79,-9.18,-8.76,-8.64,-7.99,-5.90
,2008-01-04 19:00,-9.74,-10.38,-10.35,-10.39,-9.26,-10.34,-9.70,-9.88,-10.02,-9.19,-9.55,-9.14,-9.04,-8.38,-6.20
,2008-01-04 20:00,-9.81,-10.44,-10.41,-10.45,-9.33,-10.40,-9.77,-9.94,-10.08,-9.27,-9.61,-9.21,-9.12,-8.47,-6.27
,2008-01-04 21:00,-9.71,-10.36,-10.32,-10.35,-9.22,-10.32,-9.69,-9.86,-10.00,-9.18,-9.53,-9.13,-9.02,-8.38,-6.20
,2008-01-04 22:00,-10.13,-10.70,-10.64,-10.69,-9.58,-10.64,-10.12,-10.22,-10.36,-9.64,-9.93,-9.56,-9.47,-8.84,-6.54
,2008-01-04 23:00,-10.20,-10.92,-10.90,-10.93,-9.68,-10.88,-10.15,-10.37,-10.52,-9.59,-10.00,-9.55,-9.43,-8.71,-6.32
,2008-01-05 00:00,-9.95,-10.80,-10.80,-10.80,-9.50,-10.78,-9.88,-10.20,-10.37,-9.26,-9.77,-9.26,-9.12,-8.36,-6.03
,2008-01-05 01:00,-9.82,-10.66,-10.62,-10.62,-9.34,-10.61,-9.78,-10.05,-10.22,-9.17,-9.64,-9.15,-9.00,-8.27,-5.99
,2008-01-05 02:00,-9.29,-10.19,-10.13,-10.11,-8.83,-10.14,-9.26,-9.57,-9.74,-8.64,-9.15,-8.65,-8.48,-7.75,-5.57
,2008-01-05 03:00,-8.79,-9.61,-9.62,-9.60,-8.41,-9.60,-8.73,-9.04,-9.19,-8.16,-8.63,-8.16,-8.02,-7.36,-5.37
,2008-01-05 04:00,-8.49,-9.26,-9.34,-9.32,-8.18,-9.29,-8.40,-8.73,-8.87,-7.86,-8.31,-7.85,-7.75,-7.11,-5.22
,2008-01-05 05:00,-8.41,-9.35,-9.26,-9.21,-8.02,-9.30,-8.41,-8.74,-8.90,-7.80,-8.32,-7.84,-7.64,-6.98,-5.12
,2008-01-05 06:00,-8.49,-9.27,-9.23,-9.21,-8.08,-9.24,-8.47,-8.73,-8.88,-7.92,-8.36,-7.92,-7.78,-7.14,-5.22
,2008-01-05 07:00,-8.26,-9.01,-8.98,-8.96,-7.87,-8.98,-8.23,-8.49,-8.63,-7.71,-8.13,-7.70,-7.57,-6.96,-5.10
,2008-01-05 08:00,-8.13,-8.94,-8.90,-8.87,-7.74,-8.90,-8.11,-8.39,-8.54,-7.56,-8.01,-7.56,-7.41,-6.78,-4.91
,2008-01-05 09:00,-7.64,-8.59,-8.55,-8.50,-7.27,-8.56,-7.62,-7.97,-8.13,-7.00,-7.53,-7.03,-6.85,-6.17,-4.31
,2008-01-05 10:00,-7.00,-7.96,-7.94,-7.91,-6.63,-7.93,-6.99,-7.31,-7.48,-6.33,-6.86,-6.34,-6.17,-5.49,-3.60
,2008-01-05 11:00,-7.01,-7.92,-7.92,-7.92,-6.61,-7.90,-6.99,-7.27,-7.44,-6.33,-6.82,-6.30,-6.17,-5.48,-3.46
,2008-01-05 12:00,-6.99,-7.84,-7.82,-7.82,-6.56,-7.80,-6.99,-7.22,-7.39,-6.36,-6.81,-6.32,-6.19,-5.52,-3.51
,2008-01-05 13:00,-6.98,-7.81,-7.83,-7.84,-6.58,-7.80,-6.94,-7.21,-7.37,-6.33,-6.78,-6.29,-6.18,-5.50,-3.47
,2008-01-05 14:00,-7.11,-7.78,-7.86,-7.90,-6.73,-7.79,-7.05,-7.26,-7.40,-6.51,-6.87,-6.43,-6.37,-5.75,-3.75
,2008-01-05 15:00,-7.42,-8.21,-8.22,-8.24,-7.00,-8.19,-7.40,-7.63,-7.78,-6.80,-7.23,-6.76,-6.65,-5.98,-3.95
,2008-01-05 16:00,-7.56,-8.38,-8.39,-8.40,-7.15,-8.36,-7.53,-7.79,-7.95,-6.93,-7.37,-6.89,-6.77,-6.10,-4.06
,2008-01-05 17:00,-7.69,-8.59,-8.60,-8.59,-7.28,-8.57,-7.65,-7.96,-8.13,-7.01,-7.51,-7.00,-6.86,-6.15,-4.08
,2008-01-05 18:00,-7.54,-8.52,-8.53,-8.50,-7.17,-8.51,-7.49,-7.86,-8.04,-6.82,-7.39,-6.84,-6.68,-5.95,-3.96
,2008-01-05 19:00,-7.50,-8.55,-8.53,-8.48,-7.12,-8.52,-7.45,-7.86,-8.04,-6.76,-7.37,-6.81,-6.62,-5.87,-3.86
,2008-01-05 20:00,-7.40,-8.45,-8.43,-8.38,-7.04,-8.43,-7.36,-7.77,-7.95,-6.67,-7.29,-6.73,-6.54,-5.79,-3.83
,2008-01-05 21:00,-7.14,-8.00,-8.09,-8.06,-6.83,-8.04,-7.05,-7.42,-7.57,-6.45,-6.96,-6.45,-6.34,-5.67,-3.78
,2008-01-05 22:00,-7.06,-7.85,-7.96,-7.95,-6.77,-7.90,-6.97,-7.30,-7.45,-6.40,-6.87,-6.39,-6.30,-5.66,-3.82
,2008-01-05 23:00,-7.15,-7.96,-8.03,-8.02,-6.83,-7.99,-7.09,-7.40,-7.55,-6.51,-6.97,-6.49,-6.38,-5.74,-3.88
,2008-01-06 00:00,-6.89,-7.62,-7.76,-7.75,-6.61,-7.68,-6.79,-7.10,-7.24,-6.25,-6.68,-6.22,-6.15,-5.54,-3.73
,2008-01-06 01:00,-6.94,-7.61,-7.80,-7.80,-6.68,-7.70,-6.80,-7.12,-7.25,-6.29,-6.69,-6.24,-6.21,-5.60,-3.76
,2008-01-06 02:00,-6.96,-7.65,-7.83,-7.83,-6.69,-7.73,-6.83,-7.15,-7.28,-6.30,-6.72,-6.26,-6.22,-5.60,-3.75
,2008-01-06 03:00,-7.04,-7.78,-7.95,-7.95,-6.78,-7.86,-6.90,-7.25,-7.39,-6.35,-6.80,-6.32,-6.27,-5.63,-3.76
,2008-01-06 04:00,-7.35,-8.12,-8.29,-8.30,-7.08,-8.19,-7.21,-7.57,-7.71,-6.64,-7.11,-6.61,-6.56,-5.89,-3.93
,2008-01-06 05:00,-7.56,-8.38,-8.50,-8.50,-7.22,-8.43,-7.44,-7.80,-7.95,-6.84,-7.34,-6.82,-6.74,-6.04,-3.99
,2008-01-06 06:00,-7.56,-8.61,-8.58,-8.52,-7.15,-8.58,-7.53,-7.93,-8.11,-6.83,-7.44,-6.88,-6.68,-5.92,-3.88
,2008-01-06 07:00,-7.41,-8.50,-8.45,-8.39,-7.02,-8.46,-7.38,-7.80,-7.98,-6.68,-7.30,-6.73,-6.53,-5.77,-3.77
,2008-01-06 08:00,-7.25,-8.28,-8.26,-8.21,-6.87,-8.26,-7.21,-7.61,-7.79,-6.53,-7.13,-6.58,-6.39,-5.65,-3.66
,2008-01-06 09:00,-7.08,-8.25,-8.24,-8.18,-6.69,-8.23,-7.04,-7.48,-7.68,-6.29,-6.93,-6.33,-6.14,-5.37,-3.35
,2008-01-06 10:00,-7.00,-8.17,-8.25,-8.18,-6.65,-8.22,-6.80,-7.40,-7.59,-6.12,-6.79,-6.16,-6.06,-5.27,-3.21
,2008-01-06 11:00,-6.71,-7.89,-8.01,-7.95,-6.36,-7.96,-6.40,-7.10,-7.30,-5.76,-6.47,-5.81,-5.74,-4.92,-2.69
,2008-01-06 12:00,-6.63,-8.02,-8.06,-7.98,-6.20,-8.04,-6.48,-7.11,-7.34,-5.65,-6.43,-5.70,-5.53,-4.62,-2.27
,2008-01-06 13:00,-6.83,-8.12,-8.22,-8.18,-6.40,-8.16,-6.63,-7.22,-7.45,-5.83,-6.54,-5.82,-5.72,-4.82,-2.35
,2008-01-06 14:00,-7.12,-8.30,-8.48,-8.47,-6.71,-8.37,-6.89,-7.45,-7.66,-6.12,-6.78,-6.08,-6.03,-5.14,-2.61
,2008-01-06 15:00,-7.55,-8.80,-8.90,-8.87,-7.12,-8.84,-7.38,-7.93,-8.15,-6.57,-7.28,-6.57,-6.46,-5.57,-3.16
,2008-01-06 16:00,-7.98,-9.23,-9.31,-9.27,-7.58,-9.25,-7.83,-8.37,-8.59,-7.03,-7.73,-7.04,-6.91,-6.04,-3.72
,2008-01-06 17:00,-8.19,-9.40,-9.53,-9.49,-7.87,-9.46,-7.96,-8.58,-8.78,-7.22,-7.93,-7.24,-7.15,-6.32,-4.14
,2008-01-06 18:00,-8.20,-9.60,-9.66,-9.57,-7.86,-9.63,-8.03,-8.71,-8.93,-7.20,-8.02,-7.29,-7.11,-6.22,-4.05
,2008-01-06 19:00,-7.89,-9.40,-9.41,-9.26,-7.55,-9.42,-7.71,-8.49,-8.72,-6.89,-7.79,-7.05,-6.81,-5.90,-3.83
,2008-01-06 20:00,-7.18,-8.78,-8.80,-8.60,-6.93,-8.82,-6.99,-7.86,-8.09,-6.17,-7.13,-6.36,-6.11,-5.22,-3.42
,2008-01-06 21:00,-6.55,-8.14,-8.15,-7.93,-6.38,-8.19,-6.34,-7.26,-7.47,-5.57,-6.54,-5.81,-5.54,-4.73,-3.24
,2008-01-06 22:00,-6.68,-8.02,-8.09,-7.89,-6.55,-8.11,-6.43,-7.29,-7.47,-5.82,-6.66,-6.02,-5.83,-5.12,-3.74
,2008-01-06 23:00,-6.55,-7.68,-7.80,-7.63,-6.44,-7.79,-6.27,-7.05,-7.20,-5.76,-6.48,-5.92,-5.79,-5.16,-3.88
,2008-01-07 00:00,-5.14,-6.43,-6.50,-6.28,-5.12,-6.52,-4.88,-5.75,-5.91,-4.33,-5.15,-4.56,-4.37,-3.77,-2.84
,2008-01-07 01:00,-5.11,-6.13,-6.24,-6.07,-5.08,-6.24,-4.84,-5.59,-5.72,-4.42,-5.08,-4.59,-4.48,-3.94,-2.97
,2008-01-07 02:00,-4.82,-5.54,-5.68,-5.56,-4.80,-5.66,-4.55,-5.15,-5.24,-4.27,-4.76,-4.38,-4.34,-3.93,-3.09
,2008-01-07 03:00,-3.98,-5.05,-5.04,-4.84,-3.97,-5.09,-3.82,-4.51,-4.65,-3.36,-4.06,-3.59,-3.38,-2.90,-2.27
,2008-01-07 04:00,-3.79,-4.60,-4.71,-4.56,-3.83,-4.71,-3.49,-4.18,-4.28,-3.21,-3.76,-3.36,-3.30,-2.91,-2.29
,2008-01-07 05:00,-3.74,-4.54,-4.53,-4.38,-3.71,-4.58,-3.56,-4.14,-4.24,-3.25,-3.79,-3.43,-3.30,-2.93,-2.38
,2008-01-07 06:00,-3.61,-4.46,-4.34,-4.18,-3.56,-4.43,-3.56,-4.05,-4.15,-3.21,-3.75,-3.41,-3.20,-2.84,-2.44
,2008-01-07 07:00,-4.35,-4.94,-4.86,-4.75,-4.25,-4.92,-4.31,-4.65,-4.72,-4.05,-4.43,-4.18,-4.03,-3.73,-3.21
,2008-01-07 08:00,-5.18,-5.53,-5.41,-5.36,-4.90,-5.47,-5.24,-5.32,-5.38,-5.03,-5.21,-5.07,-4.93,-4.65,-3.82
,2008-01-07 09:00,-3.82,-4.16,-4.22,-4.16,-3.69,-4.21,-3.75,-3.96,-4.01,-3.57,-3.78,-3.60,-3.55,-3.28,-2.57
,2008-01-07 10:00,-2.88,-3.79,-3.72,-3.60,-2.71,-3.77,-2.87,-3.27,-3.41,-2.38,-2.91,-2.51,-2.30,-1.83,-0.94
,2008-01-07 11:00,-2.37,-3.59,-3.44,-3.30,-2.12,-3.52,-2.39,-2.88,-3.07,-1.73,-2.42,-1.90,-1.62,-1.00,0.17
,2008-01-07 12:00,-2.26,-3.51,-3.40,-3.26,-1.98,-3.46,-2.22,-2.77,-2.96,-1.54,-2.27,-1.70,-1.45,-0.77,0.58
,2008-01-07 13:00,-2.71,-3.90,-3.83,-3.72,-2.42,-3.87,-2.61,-3.18,-3.37,-1.97,-2.68,-2.12,-1.91,-1.21,0.31
,2008-01-07 14:00,-2.47,-3.77,-3.72,-3.56,-2.29,-3.76,-2.40,-3.03,-3.21,-1.72,-2.48,-1.89,-1.64,-0.99,0.16
,2008-01-07 15:00,-2.89,-4.06,-4.06,-3.90,-2.81,-4.09,-2.78,-3.41,-3.57,-2.20,-2.90,-2.36,-2.17,-1.61,-0.72
,2008-01-07 16:00,-3.42,-4.69,-4.57,-4.39,-3.30,-4.64,-3.43,-4.00,-4.18,-2.77,-3.52,-2.98,-2.69,-2.11,-1.27
,2008-01-07 17:00,-4.17,-5.49,-5.39,-5.20,-4.06,-5.46,-4.13,-4.78,-4.96,-3.46,-4.26,-3.69,-3.40,-2.78,-1.84
,2008-01-07 18:00,-5.20,-6.39,-6.44,-6.28,-5.13,-6.44,-5.02,-5.73,-5.89,-4.43,-5.18,-4.61,-4.43,-3.80,-2.67
,2008-01-07 19:00,-6.36,-7.59,-7.70,-7.55,-6.24,-7.67,-6.13,-6.88,-7.05,-5.49,-6.27,-5.65,-5.49,-4.78,-3.35
,2008-01-07 20:00,-7.58,-8.93,-9.03,-8.92,-7.34,-8.98,-7.39,-8.10,-8.31,-6.61,-7.43,-6.73,-6.55,-5.70,-3.79
,2008-01-07 21:00,-8.43,-9.90,-9.96,-9.85,-8.08,-9.92,-8.29,-8.98,-9.21,-7.40,-8.27,-7.51,-7.29,-6.32,-4.05
,2008-01-07 22:00,-8.87,-10.61,-10.56,-10.41,-8.44,-10.57,-8.83,-9.55,-9.83,-7.76,-8.79,-7.94,-7.59,-6.50,-4.08
,2008-01-07 23:00,-9.12,-10.91,-10.87,-10.69,-8.72,-10.89,-9.08,-9.86,-10.14,-8.02,-9.09,-8.24,-7.85,-6.75,-4.37
,2008-01-08 00:00,-8.89,-10.46,-10.61,-10.43,-8.59,-10.56,-8.70,-9.55,-9.78,-7.81,-8.79,-7.99,-7.72,-6.70,-4.45
,2008-01-08 01:00,-8.74,-10.47,-10.49,-10.27,-8.39,-10.50,-8.67,-9.50,-9.75,-7.68,-8.75,-7.93,-7.55,-6.48,-4.27
,2008-01-08 02:00,-9.07,-10.73,-10.79,-10.59,-8.76,-10.77,-8.99,-9.80,-10.04,-8.00,-9.06,-8.25,-7.87,-6.81,-4.61
,2008-01-08 03:00,-8.84,-10.30,-10.35,-10.17,-8.58,-10.33,-8.77,-9.48,-9.69,-7.90,-8.83,-8.12,-7.79,-6.86,-4.93
,2008-01-08 04:00,-8.63,-10.05,-10.07,-9.89,-8.39,-10.06,-8.61,-9.26,-9.47,-7.76,-8.66,-7.98,-7.64,-6.77,-5.04
,2008-01-08 05:00,-8.71,-9.91,-10.03,-9.88,-8.50,-9.99,-8.59,-9.24,-9.41,-7.88,-8.67,-8.05,-7.81,-7.00,-5.25
,2008-01-08 06:00,-8.80,-9.88,-9.96,-9.84,-8.55,-9.92,-8.71,-9.26,-9.42,-8.05,-8.76,-8.21,-7.97,-7.19,-5.41
,2008-01-08 07:00,-8.95,-9.84,-9.95,-9.86,-8.71,-9.90,-8.85,-9.33,-9.46,-8.29,-8.89,-8.41,-8.22,-7.53,-5.84
,2008-01-08 08:00,-8.84,-9.49,-9.57,-9.51,-8.56,-9.53,-8.78,-9.10,-9.21,-8.34,-8.79,-8.42,-8.27,-7.67,-6.04
,2008-01-08 09:00,-8.65,-8.94,-9.01,-9.00,-8.33,-8.97,-8.57,-8.75,-8.81,-8.34,-8.59,-8.38,-8.29,-7.81,-6.26
,2008-01-08 10:00,-7.71,-7.93,-8.00,-8.00,-7.40,-7.96,-7.60,-7.78,-7.82,-7.42,-7.64,-7.46,-7.40,-6.95,-5.43
,2008-01-08 11:00,-7.04,-7.25,-7.37,-7.42,-6.71,-7.29,-6.84,-7.04,-7.10,-6.64,-6.86,-6.63,-6.64,-6.14,-4.33
,2008-01-08 12:00,-6.41,-6.80,-6.86,-6.94,-5.92,-6.79,-6.25,-6.42,-6.52,-5.89,-6.16,-5.83,-5.84,-5.20,-2.93
,2008-01-08 13:00,-6.44,-6.82,-6.86,-6.96,-5.96,-6.79,-6.35,-6.43,-6.54,-5.95,-6.19,-5.87,-5.86,-5.26,-3.12
,2008-01-08 14:00,-7.39,-7.64,-7.64,-7.74,-6.90,-7.59,-7.37,-7.33,-7.42,-7.05,-7.16,-6.93,-6.93,-6.46,-4.56
,2008-01-08 15:00,-7.95,-8.48,-8.31,-8.32,-7.42,-8.38,-7.90,-8.07,-8.19,-7.57,-7.86,-7.58,-7.47,-6.95,-5.13
,2008-01-08 16:00,-8.62,-9.01,-8.87,-8.89,-8.11,-8.92,-8.59,-8.70,-8.79,-8.32,-8.55,-8.32,-8.22,-7.72,-5.95
,2008-01-08 17:00,-8.89,-9.21,-9.12,-9.14,-8.42,-9.15,-8.86,-8.94,-9.03,-8.61,-8.81,-8.60,-8.51,-8.05,-6.33
,2008-01-08 18:00,-8.16,-8.63,-8.57,-8.54,-7.84,-8.59,-8.09,-8.32,-8.41,-7.80,-8.12,-7.86,-7.75,-7.29,-5.89
,2008-01-08 19:00,-7.99,-8.36,-8.34,-8.31,-7.77,-8.36,-7.89,-8.13,-8.20,-7.68,-7.96,-7.74,-7.67,-7.30,-6.14
,2008-01-08 20:00,-8.18,-8.30,-8.35,-8.38,-8.02,-8.31,-8.07,-8.19,-8.22,-7.95,-8.09,-7.95,-7.95,-7.67,-6.60
,2008-01-08 21:00,-8.42,-8.42,-8.48,-8.52,-8.27,-8.44,-8.29,-8.38,-8.40,-8.24,-8.33,-8.24,-8.26,-8.01,-7.00
,2008-01-08 22:00,-7.76,-7.71,-7.83,-7.85,-7.75,-7.77,-7.56,-7.74,-7.73,-7.59,-7.69,-7.62,-7.68,-7.51,-6.82
,2008-01-08 23:00,-8.09,-7.92,-8.00,-8.04,-7.98,-7.95,-7.94,-7.99,-7.98,-8.02,-8.01,-8.00,-8.06,-7.92,-7.11
,2008-01-09 00:00,-8.34,-8.03,-8.12,-8.18,-8.17,-8.06,-8.23,-8.18,-8.15,-8.35,-8.26,-8.32,-8.38,-8.24,-7.33
,2008-01-09 01:00,-7.88,-7.60,-7.63,-7.66,-7.73,-7.61,-7.78,-7.75,-7.72,-7.93,-7.85,-7.92,-7.96,-7.87,-7.18
,2008-01-09 02:00,-7.50,-7.36,-7.33,-7.33,-7.34,-7.35,-7.42,-7.46,-7.44,-7.53,-7.53,-7.57,-7.55,-7.43,-6.75
,2008-01-09 03:00,-7.46,-7.26,-7.15,-7.17,-7.22,-7.20,-7.45,-7.37,-7.35,-7.57,-7.49,-7.58,-7.55,-7.46,-6.77
,2008-01-09 04:00,-6.93,-6.68,-6.58,-6.60,-6.72,-6.62,-6.94,-6.82,-6.80,-7.08,-6.97,-7.09,-7.06,-7.02,-6.47
,2008-01-09 05:00,-6.11,-6.15,-6.04,-6.01,-5.96,-6.09,-6.14,-6.16,-6.16,-6.14,-6.20,-6.20,-6.11,-5.99,-5.52
,2008-01-09 06:00,-6.50,-6.52,-6.42,-6.40,-6.29,-6.47,-6.51,-6.52,-6.53,-6.52,-6.56,-6.56,-6.48,-6.33,-5.67
,2008-01-09 07:00,-6.97,-6.92,-6.78,-6.80,-6.66,-6.83,-7.05,-6.92,-6.93,-7.02,-7.00,-7.02,-6.94,-6.77,-5.92
,2008-01-09 08:00,-6.07,-6.16,-6.05,-6.02,-5.81,-6.10,-6.10,-6.11,-6.13,-6.04,-6.12,-6.09,-5.98,-5.77,-4.96
,2008-01-09 09:00,-5.53,-5.83,-5.72,-5.69,-5.28,-5.76,-5.60,-5.65,-5.70,-5.39,-5.57,-5.44,-5.30,-5.00,-4.10
,2008-01-09 10:00,-5.19,-5.53,-5.43,-5.43,-4.85,-5.46,-5.24,-5.28,-5.35,-4.97,-5.16,-4.99,-4.87,-4.50,-3.27
,2008-01-09 11:00,-5.84,-6.02,-5.99,-6.07,-5.35,-5.96,-5.85,-5.77,-5.84,-5.59,-5.66,-5.49,-5.46,-5.03,-3.24
,2008-01-09 12:00,-6.40,-6.48,-6.46,-6.60,-5.79,-6.42,-6.44,-6.23,-6.31,-6.17,-6.14,-5.99,-6.01,-5.55,-3.44
,2008-01-09 13:00,-6.41,-6.49,-6.60,-6.76,-5.91,-6.49,-6.40,-6.23,-6.30,-6.09,-6.08,-5.88,-5.94,-5.48,-3.37
,2008-01-09 14:00,-7.11,-7.32,-7.37,-7.50,-6.55,-7.29,-7.12,-7.00,-7.09,-6.75,-6.83,-6.59,-6.59,-6.06,-3.84
,2008-01-09 15:00,-7.46,-7.98,-7.84,-7.90,-6.84,-7.85,-7.60,-7.52,-7.65,-7.10,-7.31,-7.01,-6.87,-6.28,-4.18
,2008-01-09 16:00,-7.43,-8.12,-8.02,-8.01,-6.95,-8.04,-7.51,-7.63,-7.77,-6.99,-7.35,-6.99,-6.81,-6.21,-4.42
,2008-01-09 17:00,-6.17,-7.16,-7.06,-6.94,-5.89,-7.11,-6.18,-6.59,-6.75,-5.61,-6.21,-5.76,-5.51,-4.90,-3.56
,2008-01-09 18:00,-4.72,-6.02,-5.95,-5.73,-4.66,-6.02,-4.60,-5.36,-5.52,-4.01,-4.84,-4.28,-4.00,-3.39,-2.53
,2008-01-09 19:00,-5.18,-6.20,-6.15,-5.97,-5.08,-6.21,-5.05,-5.67,-5.80,-4.60,-5.25,-4.80,-4.59,-4.09,-3.23
,2008-01-09 20:00,-5.16,-6.15,-6.13,-5.95,-5.13,-6.18,-4.98,-5.65,-5.78,-4.58,-5.24,-4.80,-4.62,-4.14,-3.39
,2008-01-09 21:00,-4.81,-5.90,-5.91,-5.69,-4.87,-5.96,-4.58,-5.37,-5.50,-4.17,-4.90,-4.42,-4.24,-3.77,-3.24
,2008-01-09 22:00,-5.32,-6.34,-6.38,-6.18,-5.39,-6.41,-5.07,-5.85,-5.97,-4.69,-5.39,-4.93,-4.77,-4.32,-3.76
,2008-01-09 23:00,-5.98,-6.78,-6.87,-6.70,-6.04,-6.88,-5.67,-6.40,-6.49,-5.41,-6.01,-5.62,-5.53,-5.12,-4.50
,2008-01-10 00:00,-6.34,-6.95,-7.07,-6.91,-6.37,-7.07,-6.00,-6.68,-6.74,-5.86,-6.35,-6.04,-5.99,-5.64,-4.98
,2008-01-10 01:00,-6.48,-7.04,-7.23,-7.09,-6.59,-7.20,-6.12,-6.81,-6.86,-5.99,-6.48,-6.17,-6.14,-5.80,-5.21
,2008-01-10 02:00,-6.75,-6.97,-7.21,-7.13,-6.86,-7.15,-6.34,-6.90,-6.91,-6.37,-6.68,-6.49,-6.56,-6.33,-5.79
,2008-01-10 03:00,-6.96,-7.11,-7.29,-7.23,-7.00,-7.24,-6.62,-7.07,-7.08,-6.68,-6.91,-6.77,-6.82,-6.62,-6.01
,2008-01-10 04:00,-6.32,-6.62,-6.74,-6.64,-6.40,-6.73,-6.02,-6.52,-6.54,-6.01,-6.33,-6.15,-6.15,-5.93,-5.51
,2008-01-10 05:00,-6.53,-6.69,-6.86,-6.78,-6.61,-6.82,-6.18,-6.66,-6.66,-6.25,-6.51,-6.37,-6.42,-6.25,-5.84
,2008-01-10 06:00,-6.55,-6.55,-6.74,-6.70,-6.66,-6.69,-6.19,-6.60,-6.58,-6.34,-6.50,-6.42,-6.52,-6.41,-6.08
,2008-01-10 07:00,-6.52,-6.63,-6.79,-6.71,-6.63,-6.75,-6.20,-6.63,-6.63,-6.29,-6.51,-6.40,-6.44,-6.31,-6.00
,2008-01-10 08:00,-6.26,-6.33,-6.45,-6.38,-6.31,-6.43,-5.97,-6.36,-6.35,-6.08,-6.27,-6.19,-6.22,-6.07,-5.66
,2008-01-10 09:00,-6.30,-6.02,-6.21,-6.20,-6.30,-6.15,-5.98,-6.22,-6.17,-6.24,-6.25,-6.29,-6.40,-6.31,-5.75
,2008-01-10 10:00,-6.13,-5.72,-5.94,-5.98,-6.10,-5.85,-5.79,-5.97,-5.91,-6.09,-6.04,-6.10,-6.25,-6.17,-5.51
,2008-01-10 11:00,-5.13,-5.21,-5.46,-5.44,-5.04,-5.36,-4.69,-5.17,-5.17,-4.73,-4.99,-4.81,-4.92,-4.55,-3.34
,2008-01-10 12:00,-4.14,-4.56,-4.64,-4.63,-3.92,-4.60,-3.88,-4.26,-4.33,-3.66,-4.00,-3.71,-3.72,-3.26,-1.86
,2008-01-10 13:00,-4.23,-4.61,-4.58,-4.62,-3.86,-4.57,-4.15,-4.29,-4.38,-3.87,-4.09,-3.85,-3.81,-3.36,-1.82
,2008-01-10 14:00,-4.68,-5.04,-5.07,-5.08,-4.44,-5.05,-4.54,-4.76,-4.83,-4.32,-4.55,-4.31,-4.31,-3.95,-2.76
,2008-01-10 15:00,-5.35,-5.68,-5.58,-5.58,-5.04,-5.63,-5.24,-5.43,-5.49,-5.09,-5.28,-5.10,-5.07,-4.76,-3.64
,2008-01-10 16:00,-6.03,-6.25,-6.17,-6.17,-5.79,-6.20,-5.94,-6.09,-6.13,-5.83,-5.99,-5.86,-5.82,-5.54,-4.55
,2008-01-10 17:00,-6.43,-6.55,-6.56,-6.58,-6.20,-6.55,-6.33,-6.44,-6.47,-6.24,-6.35,-6.24,-6.23,-5.96,-4.88
,2008-01-10 18:00,-6.56,-6.67,-6.64,-6.64,-6.30,-6.66,-6.46,-6.58,-6.61,-6.41,-6.52,-6.42,-6.40,-6.14,-5.11
,2008-01-10 19:00,-6.53,-6.64,-6.62,-6.60,-6.32,-6.64,-6.39,-6.57,-6.59,-6.38,-6.51,-6.43,-6.41,-6.17,-5.23
,2008-01-10 20:00,-6.31,-6.41,-6.39,-6.37,-6.16,-6.41,-6.17,-6.35,-6.37,-6.17,-6.30,-6.22,-6.20,-6.00,-5.22
,2008-01-10 21:00,-6.74,-6.86,-6.86,-6.84,-6.59,-6.87,-6.59,-6.79,-6.81,-6.58,-6.72,-6.63,-6.61,-6.38,-5.53
,2008-01-10 22:00,-6.81,-7.00,-6.98,-6.94,-6.63,-7.00,-6.70,-6.89,-6.93,-6.64,-6.81,-6.69,-6.65,-6.40,-5.52
,2008-01-10 23:00,-6.97,-7.35,-7.25,-7.21,-6.76,-7.30,-6.89,-7.11,-7.18,-6.71,-6.96,-6.77,-6.69,-6.38,-5.42
,2008-01-11 00:00,-7.61,-8.04,-7.97,-7.97,-7.29,-7.98,-7.58,-7.73,-7.82,-7.27,-7.54,-7.29,-7.20,-6.77,-5.35
,2008-01-11 01:00,-7.57,-8.18,-8.11,-8.08,-7.25,-8.13,-7.55,-7.77,-7.89,-7.14,-7.52,-7.19,-7.05,-6.54,-5.03
,2008-01-11 02:00,-6.98,-8.05,-7.87,-7.74,-6.70,-7.95,-6.99,-7.44,-7.60,-6.42,-7.05,-6.59,-6.32,-5.71,-4.36
,2008-01-11 03:00,-6.86,-8.06,-7.78,-7.62,-6.50,-7.92,-6.90,-7.39,-7.57,-6.28,-6.99,-6.50,-6.16,-5.49,-4.10
,2008-01-11 04:00,-7.10,-8.19,-7.94,-7.81,-6.71,-8.06,-7.14,-7.55,-7.72,-6.55,-7.17,-6.71,-6.42,-5.79,-4.31
,2008-01-11 05:00,-6.75,-7.84,-7.67,-7.53,-6.44,-7.76,-6.69,-7.20,-7.37,-6.15,-6.79,-6.31,-6.07,-5.46,-4.07
,2008-01-11 06:00,-6.78,-7.87,-7.74,-7.61,-6.50,-7.82,-6.68,-7.22,-7.39,-6.14,-6.78,-6.28,-6.08,-5.47,-4.09
,2008-01-11 07:00,-6.91,-8.01,-7.94,-7.81,-6.66,-8.00,-6.76,-7.36,-7.53,-6.23,-6.89,-6.37,-6.19,-5.57,-4.14
,2008-01-11 08:00,-6.94,-8.07,-8.01,-7.88,-6.68,-8.06,-6.79,-7.40,-7.57,-6.24,-6.90,-6.36,-6.19,-5.55,-4.06
,2008-01-11 09:00,-6.80,-7.92,-7.88,-7.76,-6.50,-7.91,-6.63,-7.23,-7.41,-6.07,-6.73,-6.18,-6.02,-5.35,-3.74
,2008-01-11 10:00,-6.71,-7.79,-7.80,-7.72,-6.40,-7.80,-6.54,-7.10,-7.27,-5.95,-6.58,-6.01,-5.89,-5.20,-3.46
,2008-01-11 11:00,-6.48,-7.56,-7.51,-7.44,-6.14,-7.53,-6.38,-6.85,-7.03,-5.76,-6.36,-5.82,-5.67,-5.00,-3.26
,2008-01-11 12:00,-6.28,-7.34,-7.28,-7.23,-5.92,-7.30,-6.20,-6.63,-6.82,-5.56,-6.15,-5.61,-5.46,-4.77,-3.00
,2008-01-11 13:00,-6.16,-7.19,-7.14,-7.09,-5.82,-7.15,-6.10,-6.50,-6.68,-5.47,-6.04,-5.51,-5.36,-4.70,-2.99
,2008-01-11 14:00,-6.11,-7.12,-7.08,-7.03,-5.81,-7.09,-6.06,-6.45,-6.63,-5.44,-5.99,-5.48,-5.33,-4.71,-3.13
,2008-01-11 15:00,-6.13,-7.17,-7.16,-7.10,-5.83,-7.16,-6.03,-6.49,-6.66,-5.41,-6.00,-5.46,-5.32,-4.67,-3.04
,2008-01-11 16:00,-6.22,-7.31,-7.27,-7.19,-5.91,-7.29,-6.10,-6.61,-6.79,-5.49,-6.11,-5.56,-5.42,-4.76,-3.11
,2008-01-11 17:00,-6.24,-7.35,-7.31,-7.23,-5.95,-7.33,-6.10,-6.64,-6.82,-5.50,-6.13,-5.58,-5.44,-4.78,-3.15
,2008-01-11 18:00,-6.28,-7.36,-7.32,-7.24,-5.96,-7.35,-6.14,-6.67,-6.84,-5.55,-6.17,-5.63,-5.49,-4.83,-3.18
,2008-01-11 19:00,-6.14,-7.20,-7.15,-7.07,-5.84,-7.18,-6.01,-6.53,-6.70,-5.44,-6.04,-5.52,-5.38,-4.73,-3.12
,2008-01-11 20:00,-6.24,-7.33,-7.23,-7.14,-5.90,-7.28,-6.14,-6.64,-6.81,-5.56,-6.16,-5.64,-5.47,-4.83,-3.21
,2008-01-11 21:00,-6.27,-7.31,-7.24,-7.16,-5.94,-7.27,-6.15,-6.63,-6.81,-5.59,-6.17,-5.65,-5.52,-4.89,-3.24
,2008-01-11 22:00,-6.52,-7.44,-7.40,-7.36,-6.18,-7.42,-6.39,-6.82,-6.98,-5.88,-6.39,-5.91,-5.81,-5.19,-3.50
,2008-01-11 23:00,-6.54,-7.55,-7.48,-7.41,-6.18,-7.51,-6.43,-6.89,-7.06,-5.87,-6.43,-5.92,-5.78,-5.14,-3.43
,2008-01-12 00:00,-6.26,-7.35,-7.27,-7.19,-5.94,-7.31,-6.14,-6.66,-6.83,-5.56,-6.17,-5.64,-5.48,-4.83,-3.19
,2008-01-12 01:00,-6.24,-7.36,-7.29,-7.20,-5.93,-7.32,-6.12,-6.65,-6.84,-5.51,-6.16,-5.61,-5.44,-4.77,-3.15
,2008-01-12 02:00,-6.27,-7.43,-7.33,-7.24,-5.94,-7.38,-6.17,-6.70,-6.89,-5.54,-6.20,-5.64,-5.46,-4.77,-3.13
,2008-01-12 03:00,-6.20,-7.40,-7.25,-7.14,-5.83,-7.32,-6.14,-6.65,-6.84,-5.48,-6.16,-5.60,-5.38,-4.69,-3.05
,2008-01-12 04:00,-6.05,-7.19,-7.10,-7.00,-5.73,-7.14,-5.96,-6.48,-6.66,-5.34,-5.99,-5.44,-5.26,-4.59,-3.00
,2008-01-12 05:00,-6.06,-7.16,-7.13,-7.04,-5.78,-7.14,-5.93,-6.46,-6.64,-5.33,-5.96,-5.42,-5.26,-4.61,-3.02
,2008-01-12 06:00,-6.17,-7.25,-7.25,-7.17,-5.90,-7.25,-6.04,-6.57,-6.74,-5.43,-6.06,-5.51,-5.37,-4.70,-3.08
,2008-01-12 07:00,-6.20,-7.27,-7.30,-7.23,-5.94,-7.29,-6.04,-6.59,-6.76,-5.43,-6.06,-5.50,-5.37,-4.70,-3.06
,2008-01-12 08:00,-6.21,-7.33,-7.32,-7.25,-5.90,-7.32,-6.11,-6.61,-6.79,-5.46,-6.09,-5.52,-5.36,-4.66,-2.94
,2008-01-12 09:00,-6.04,-7.17,-7.15,-7.08,-5.73,-7.15,-5.96,-6.44,-6.63,-5.28,-5.92,-5.35,-5.18,-4.48,-2.76
,2008-01-12 10:00,-5.85,-6.93,-6.97,-6.90,-5.59,-6.94,-5.73,-6.23,-6.41,-5.08,-5.71,-5.14,-5.01,-4.32,-2.67
,2008-01-12 11:00,-5.82,-6.82,-6.86,-6.82,-5.53,-6.83,-5.70,-6.15,-6.32,-5.08,-5.66,-5.12,-5.00,-4.34,-2.64
,2008-01-12 12:00,-5.61,-6.69,-6.69,-6.63,-5.32,-6.68,-5.51,-5.98,-6.16,-4.86,-5.47,-4.91,-4.77,-4.09,-2.42
,2008-01-12 13:00,-5.65,-6.78,-6.77,-6.71,-5.35,-6.76,-5.57,-6.04,-6.23,-4.89,-5.52,-4.94,-4.79,-4.08,-2.35
,2008-01-12 14:00,-5.74,-6.87,-6.87,-6.81,-5.42,-6.86,-5.65,-6.13,-6.32,-4.97,-5.60,-5.02,-4.86,-4.15,-2.37
,2008-01-12 15:00,-5.66,-6.78,-6.80,-6.73,-5.37,-6.78,-5.56,-6.05,-6.24,-4.89,-5.52,-4.94,-4.79,-4.09,-2.37
,2008-01-12 16:00,-5.77,-6.90,-6.92,-6.86,-5.46,-6.90,-5.68,-6.16,-6.35,-4.99,-5.62,-5.04,-4.89,-4.17,-2.39
,2008-01-12 17:00,-6.19,-7.31,-7.37,-7.33,-5.87,-7.32,-6.12,-6.56,-6.75,-5.38,-6.00,-5.40,-5.25,-4.49,-2.53
,2008-01-12 18:00,-6.75,-7.93,-8.07,-8.03,-6.46,-7.98,-6.64,-7.14,-7.34,-5.84,-6.53,-5.87,-5.73,-4.89,-2.77
,2008-01-12 19:00,-7.12,-8.46,-8.69,-8.61,-6.88,-8.56,-6.95,-7.61,-7.82,-6.08,-6.90,-6.15,-5.99,-5.07,-2.84
,2008-01-12 20:00,-7.12,-8.60,-8.84,-8.72,-6.91,-8.73,-6.92,-7.70,-7.92,-6.01,-6.93,-6.12,-5.93,-4.97,-2.77
,2008-01-12 21:00,-7.44,-9.06,-9.24,-9.09,-7.19,-9.16,-7.26,-8.08,-8.33,-6.29,-7.28,-6.44,-6.20,-5.17,-2.90
,2008-01-12 22:00,-7.84,-9.39,-9.55,-9.43,-7.56,-9.47,-7.67,-8.44,-8.68,-6.72,-7.67,-6.85,-6.62,-5.60,-3.29
,2008-01-12 23:00,-7.87,-9.31,-9.42,-9.32,-7.58,-9.35,-7.73,-8.41,-8.64,-6.83,-7.71,-6.95,-6.73,-5.77,-3.54
,2008-01-13 00:00,-7.85,-9.19,-9.32,-9.24,-7.56,-9.24,-7.70,-8.34,-8.56,-6.85,-7.67,-6.95,-6.75,-5.83,-3.62
,2008-01-13 01:00,-7.50,-8.90,-9.00,-8.90,-7.23,-8.94,-7.36,-8.04,-8.26,-6.50,-7.36,-6.62,-6.41,-5.49,-3.34
,2008-01-13 02:00,-6.82,-8.12,-8.16,-8.07,-6.55,-8.13,-6.71,-7.31,-7.51,-5.93,-6.69,-6.03,-5.83,-5.00,-3.05
,2008-01-13 03:00,-6.55,-7.75,-7.76,-7.69,-6.26,-7.74,-6.46,-6.98,-7.18,-5.73,-6.42,-5.81,-5.63,-4.87,-3.01
,2008-01-13 04:00,-6.29,-7.45,-7.44,-7.37,-5.99,-7.44,-6.20,-6.70,-6.89,-5.51,-6.16,-5.57,-5.40,-4.68,-2.90
,2008-01-13 05:00,-6.38,-7.54,-7.54,-7.46,-6.08,-7.53,-6.29,-6.79,-6.98,-5.59,-6.25,-5.66,-5.49,-4.76,-2.95
,2008-01-13 06:00,-6.42,-7.61,-7.60,-7.52,-6.13,-7.60,-6.31,-6.85,-7.04,-5.61,-6.29,-5.69,-5.52,-4.78,-2.99
,2008-01-13 07:00,-6.54,-7.68,-7.67,-7.60,-6.24,-7.67,-6.43,-6.94,-7.13,-5.76,-6.41,-5.82,-5.67,-4.95,-3.16
,2008-01-13 08:00,-6.58,-7.69,-7.70,-7.63,-6.28,-7.69,-6.46,-6.97,-7.16,-5.81,-6.44,-5.87,-5.72,-5.01,-3.20
,2008-01-13 09:00,-6.24,-7.44,-7.45,-7.37,-5.95,-7.45,-6.09,-6.68,-6.87,-5.40,-6.10,-5.48,-5.32,-4.57,-2.76
,2008-01-13 10:00,-5.98,-7.26,-7.26,-7.17,-5.69,-7.26,-5.84,-6.45,-6.66,-5.10,-5.85,-5.20,-5.02,-4.24,-2.44
,2008-01-13 11:00,-5.14,-6.59,-6.58,-6.45,-4.88,-6.58,-5.04,-5.71,-5.93,-4.21,-5.06,-4.35,-4.12,-3.30,-1.57
,2008-01-13 12:00,-5.08,-6.39,-6.37,-6.28,-4.78,-6.37,-5.02,-5.56,-5.77,-4.22,-4.96,-4.31,-4.11,-3.33,-1.60
,2008-01-13 13:00,-5.36,-6.59,-6.62,-6.56,-5.05,-6.59,-5.27,-5.78,-5.98,-4.50,-5.18,-4.54,-4.38,-3.61,-1.75
,2008-01-13 14:00,-5.15,-6.75,-6.74,-6.63,-4.86,-6.73,-5.04,-5.75,-6.00,-4.10,-5.02,-4.23,-3.99,-3.08,-1.13
,2008-01-13 15:00,-5.84,-7.20,-7.26,-7.19,-5.52,-7.21,-5.70,-6.31,-6.53,-4.85,-5.64,-4.92,-4.75,-3.90,-1.86
,2008-01-13 16:00,-6.74,-7.90,-7.95,-7.93,-6.39,-7.90,-6.63,-7.10,-7.30,-5.87,-6.52,-5.88,-5.75,-4.96,-2.90
,2008-01-13 17:00,-7.12,-8.31,-8.33,-8.29,-6.73,-8.30,-7.04,-7.50,-7.71,-6.26,-6.92,-6.28,-6.13,-5.33,-3.22
,2008-01-13 18:00,-7.32,-8.54,-8.53,-8.48,-6.92,-8.51,-7.24,-7.72,-7.93,-6.46,-7.15,-6.51,-6.33,-5.52,-3.40
,2008-01-13 19:00,-7.11,-8.38,-8.39,-8.32,-6.76,-8.37,-7.00,-7.56,-7.77,-6.23,-6.96,-6.30,-6.12,-5.30,-3.28
,2008-01-13 20:00,-7.30,-8.57,-8.58,-8.52,-6.96,-8.56,-7.16,-7.74,-7.95,-6.40,-7.13,-6.47,-6.31,-5.49,-3.44
,2008-01-13 21:00,-7.46,-8.71,-8.74,-8.67,-7.12,-8.72,-7.30,-7.89,-8.10,-6.55,-7.29,-6.62,-6.47,-5.64,-3.54
,2008-01-13 22:00,-7.76,-9.00,-9.03,-8.97,-7.41,-9.01,-7.59,-8.19,-8.40,-6.85,-7.58,-6.92,-6.77,-5.94,-3.84
,2008-01-13 23:00,-8.39,-9.54,-9.59,-9.56,-8.00,-9.54,-8.21,-8.75,-8.95,-7.49,-8.16,-7.52,-7.40,-6.57,-4.31
,2008-01-14 00:00,-9.25,-10.28,-10.38,-10.40,-8.84,-10.31,-9.05,-9.53,-9.72,-8.35,-8.96,-8.33,-8.27,-7.43,-5.00
,2008-01-14 01:00,-10.29,-11.25,-11.28,-11.33,-9.79,-11.22,-10.16,-10.51,-10.70,-9.44,-9.99,-9.40,-9.31,-8.46,-5.84
,2008-01-14 02:00,-10.64,-11.65,-11.55,-11.60,-10.04,-11.54,-10.62,-10.87,-11.08,-9.86,-10.40,-9.82,-9.68,-8.82,-6.16
,2008-01-14 03:00,-10.50,-11.44,-11.36,-11.42,-9.93,-11.34,-10.49,-10.70,-10.90,-9.75,-10.25,-9.70,-9.57,-8.74,-6.16
,2008-01-14 04:00,-10.34,-11.18,-11.18,-11.25,-9.87,-11.12,-10.34,-10.51,-10.69,-9.63,-10.08,-9.56,-9.46,-8.69,-6.30
,2008-01-14 05:00,-10.43,-11.20,-11.18,-11.26,-9.93,-11.13,-10.45,-10.56,-10.74,-9.78,-10.17,-9.69,-9.59,-8.87,-6.54
,2008-01-14 06:00,-10.73,-11.47,-11.40,-11.49,-10.17,-11.37,-10.82,-10.84,-11.02,-10.15,-10.48,-10.03,-9.92,-9.21,-6.83
,2008-01-14 07:00,-10.77,-11.50,-11.43,-11.52,-10.20,-11.40,-10.82,-10.87,-11.04,-10.17,-10.51,-10.05,-9.96,-9.25,-6.82
,2008-01-14 08:00,-10.56,-11.46,-11.25,-11.30,-9.85,-11.29,-10.68,-10.74,-10.94,-9.97,-10.37,-9.90,-9.71,-8.93,-6.35
,2008-01-14 09:00,-9.87,-10.70,-10.59,-10.67,-9.25,-10.57,-9.98,-10.01,-10.20,-9.25,-9.63,-9.15,-9.00,-8.24,-5.73
,2008-01-14 10:00,-9.04,-9.99,-9.87,-9.94,-8.41,-9.86,-9.10,-9.23,-9.44,-8.34,-8.80,-8.26,-8.11,-7.29,-4.68
,2008-01-14 11:00,-8.07,-8.99,-9.02,-9.10,-7.58,-8.93,-8.02,-8.25,-8.44,-7.26,-7.76,-7.19,-7.10,-6.28,-3.71
,2008-01-14 12:00,-6.85,-8.00,-8.08,-8.09,-6.49,-8.00,-6.75,-7.18,-7.39,-5.92,-6.58,-5.92,-5.80,-4.95,-2.67
,2008-01-14 13:00,-6.93,-8.17,-8.35,-8.33,-6.67,-8.24,-6.72,-7.31,-7.53,-5.89,-6.63,-5.90,-5.83,-4.96,-2.72
,2008-01-14 14:00,-8.34,-9.52,-9.66,-9.67,-7.93,-9.55,-8.20,-8.66,-8.88,-7.36,-8.02,-7.32,-7.23,-6.33,-3.80
,2008-01-14 15:00,-8.52,-9.82,-9.89,-9.88,-8.09,-9.83,-8.40,-8.91,-9.14,-7.52,-8.24,-7.51,-7.38,-6.47,-3.94
,2008-01-14 16:00,-9.44,-10.63,-10.68,-10.71,-8.94,-10.61,-9.36,-9.75,-9.98,-8.50,-9.13,-8.44,-8.33,-7.41,-4.74
,2008-01-14 17:00,-10.35,-11.48,-11.54,-11.59,-9.81,-11.46,-10.26,-10.61,-10.83,-9.40,-10.00,-9.32,-9.22,-8.30,-5.47
,2008-01-14 18:00,-10.64,-11.67,-11.69,-11.76,-10.06,-11.62,-10.58,-10.84,-11.06,-9.78,-10.30,-9.67,-9.59,-8.70,-5.89
,2008-01-14 19:00,-10.94,-11.83,-11.88,-11.98,-10.35,-11.79,-10.87,-11.07,-11.27,-10.13,-10.56,-9.98,-9.94,-9.09,-6.23
,2008-01-14 20:00,-10.85,-11.79,-11.84,-11.91,-10.23,-11.76,-10.79,-11.02,-11.23,-10.03,-10.51,-9.92,-9.84,-8.95,-6.04
,2008-01-14 21:00,-10.08,-11.25,-11.20,-11.22,-9.50,-11.18,-10.04,-10.38,-10.61,-9.21,-9.82,-9.17,-9.02,-8.11,-5.41
,2008-01-14 22:00,-9.90,-11.11,-11.09,-11.09,-9.36,-11.05,-9.85,-10.24,-10.47,-9.00,-9.65,-8.99,-8.82,-7.91,-5.27
,2008-01-14 23:00,-10.02,-11.19,-11.15,-11.15,-9.46,-11.13,-9.99,-10.34,-10.57,-9.16,-9.79,-9.14,-8.97,-8.07,-5.43
,2008-01-15 00:00,-10.19,-11.35,-11.30,-11.30,-9.63,-11.28,-10.17,-10.52,-10.74,-9.36,-9.97,-9.34,-9.16,-8.26,-5.64
,2008-01-15 01:00,-10.10,-11.38,-11.32,-11.30,-9.56,-11.31,-10.07,-10.49,-10.73,-9.20,-9.90,-9.22,-9.01,-8.07,-5.48
,2008-01-15 02:00,-9.69,-11.01,-10.91,-10.86,-9.15,-10.92,-9.69,-10.11,-10.35,-8.83,-9.53,-8.86,-8.63,-7.71,-5.21
,2008-01-15 03:00,-9.67,-10.87,-10.78,-10.76,-9.13,-10.79,-9.67,-10.02,-10.25,-8.85,-9.48,-8.85,-8.65,-7.79,-5.35
,2008-01-15 04:00,-9.61,-10.88,-10.78,-10.74,-9.10,-10.79,-9.65,-10.01,-10.24,-8.80,-9.46,-8.81,-8.58,-7.73,-5.39
,2008-01-15 05:00,-9.75,-11.04,-10.85,-10.80,-9.16,-10.91,-9.84,-10.16,-10.39,-8.98,-9.63,-9.00,-8.73,-7.87,-5.50
,2008-01-15 06:00,-9.90,-11.28,-11.03,-10.97,-9.26,-11.11,-10.01,-10.34,-10.59,-9.11,-9.80,-9.14,-8.84,-7.94,-5.48
,2008-01-15 07:00,-10.38,-11.58,-11.41,-11.40,-9.74,-11.45,-10.46,-10.72,-10.95,-9.62,-10.21,-9.60,-9.37,-8.50,-5.93
,2008-01-15 08:00,-10.49,-11.47,-11.36,-11.40,-9.85,-11.36,-10.57,-10.71,-10.91,-9.81,-10.26,-9.72,-9.56,-8.75,-6.14
,2008-01-15 09:00,-9.58,-10.74,-10.64,-10.63,-9.00,-10.65,-9.63,-9.91,-10.14,-8.81,-9.40,-8.79,-8.58,-7.72,-5.20
,2008-01-15 10:00,-8.70,-10.12,-9.94,-9.89,-8.04,-9.99,-8.74,-9.15,-9.41,-7.80,-8.56,-7.85,-7.57,-6.57,-3.85
,2008-01-15 11:00,-8.07,-9.21,-9.20,-9.23,-7.48,-9.15,-8.05,-8.36,-8.58,-7.19,-7.80,-7.16,-6.99,-6.05,-3.30
,2008-01-15 12:00,-7.96,-9.12,-9.10,-9.11,-7.40,-9.07,-7.92,-8.27,-8.49,-7.10,-7.71,-7.07,-6.92,-6.02,-3.39
,2008-01-15 13:00,-7.73,-8.83,-8.84,-8.86,-7.26,-8.79,-7.68,-8.02,-8.23,-6.89,-7.47,-6.85,-6.72,-5.90,-3.52
,2008-01-15 14:00,-7.51,-8.80,-8.68,-8.65,-6.99,-8.70,-7.54,-7.91,-8.15,-6.68,-7.35,-6.70,-6.47,-5.61,-3.29
,2008-01-15 15:00,-7.72,-8.96,-8.80,-8.77,-7.16,-8.83,-7.80,-8.09,-8.32,-6.95,-7.57,-6.95,-6.71,-5.87,-3.56
,2008-01-15 16:00,-8.34,-9.54,-9.41,-9.40,-7.77,-9.43,-8.40,-8.68,-8.91,-7.56,-8.16,-7.55,-7.33,-6.49,-4.08
,2008-01-15 17:00,-8.26,-9.54,-9.42,-9.38,-7.72,-9.44,-8.30,-8.65,-8.89,-7.44,-8.10,-7.45,-7.23,-6.36,-3.98
,2008-01-15 18:00,-8.13,-9.44,-9.32,-9.28,-7.62,-9.35,-8.16,-8.55,-8.79,-7.30,-7.98,-7.33,-7.09,-6.23,-3.91
,2008-01-15 19:00,-8.15,-9.46,-9.36,-9.31,-7.66,-9.38,-8.16,-8.57,-8.81,-7.31,-8.00,-7.34,-7.11,-6.25,-3.97
,2008-01-15 20:00,-8.30,-9.59,-9.48,-9.43,-7.80,-9.50,-8.32,-8.71,-8.94,-7.48,-8.15,-7.50,-7.28,-6.43,-4.14
,2008-01-15 21:00,-8.43,-9.65,-9.58,-9.55,-7.94,-9.59,-8.42,-8.81,-9.03,-7.61,-8.25,-7.61,-7.42,-6.58,-4.27
,2008-01-15 22:00,-8.22,-9.40,-9.39,-9.36,-7.79,-9.37,-8.16,-8.58,-8.80,-7.39,-8.02,-7.39,-7.24,-6.43,-4.21
,2008-01-15 23:00,-8.30,-9.48,-9.46,-9.43,-7.87,-9.45,-8.23,-8.66,-8.87,-7.47,-8.09,-7.46,-7.32,-6.53,-4.31
,2008-01-16 00:00,-8.56,-9.63,-9.62,-9.62,-8.10,-9.60,-8.49,-8.85,-9.05,-7.77,-8.32,-7.72,-7.61,-6.85,-4.59
,2008-01-16 01:00,-8.76,-9.97,-9.90,-9.87,-8.26,-9.90,-8.72,-9.12,-9.34,-7.95,-8.56,-7.94,-7.77,-6.95,-4.63
,2008-01-16 02:00,-8.98,-10.22,-10.15,-10.11,-8.45,-10.16,-8.95,-9.36,-9.58,-8.15,-8.78,-8.14,-7.96,-7.11,-4.71
,2008-01-16 03:00,-9.18,-10.44,-10.40,-10.37,-8.69,-10.39,-9.14,-9.56,-9.79,-8.31,-8.97,-8.30,-8.13,-7.28,-4.89
,2008-01-16 04:00,-9.13,-10.51,-10.43,-10.38,-8.63,-10.44,-9.10,-9.57,-9.82,-8.23,-8.95,-8.25,-8.04,-7.14,-4.76
,2008-01-16 05:00,-8.91,-10.31,-10.20,-10.13,-8.40,-10.23,-8.90,-9.37,-9.62,-8.03,-8.76,-8.07,-7.84,-6.95,-4.60
,2008-01-16 06:00,-8.95,-10.23,-10.11,-10.07,-8.42,-10.14,-8.94,-9.34,-9.57,-8.12,-8.77,-8.13,-7.93,-7.09,-4.76
,2008-01-16 07:00,-9.05,-10.28,-10.22,-10.19,-8.57,-10.22,-9.02,-9.42,-9.64,-8.21,-8.85,-8.21,-8.04,-7.21,-4.90
,2008-01-16 08:00,-9.15,-10.37,-10.33,-10.30,-8.68,-10.33,-9.11,-9.52,-9.74,-8.30,-8.95,-8.30,-8.13,-7.30,-4.97
,2008-01-16 09:00,-9.03,-10.27,-10.18,-10.16,-8.52,-10.19,-9.01,-9.40,-9.63,-8.20,-8.84,-8.20,-8.01,-7.17,-4.82
,2008-01-16 10:00,-8.85,-10.12,-10.01,-9.99,-8.30,-10.03,-8.87,-9.23,-9.47,-8.02,-8.67,-8.02,-7.81,-6.94,-4.53
,2008-01-16 11:00,-8.60,-9.78,-9.71,-9.72,-8.06,-9.70,-8.62,-8.92,-9.15,-7.79,-8.38,-7.75,-7.57,-6.73,-4.33
,2008-01-16 12:00,-8.50,-9.70,-9.62,-9.62,-7.94,-9.61,-8.53,-8.82,-9.05,-7.68,-8.27,-7.63,-7.45,-6.61,-4.15
,2008-01-16 13:00,-8.21,-9.38,-9.33,-9.33,-7.70,-9.31,-8.23,-8.53,-8.76,-7.40,-7.98,-7.36,-7.19,-6.38,-4.05
,2008-01-16 14:00,-8.13,-9.36,-9.39,-9.37,-7.72,-9.34,-8.10,-8.50,-8.72,-7.24,-7.90,-7.23,-7.07,-6.22,-3.96
,2008-01-16 15:00,-8.39,-9.74,-9.77,-9.72,-7.99,-9.72,-8.34,-8.83,-9.07,-7.44,-8.18,-7.47,-7.27,-6.38,-4.09
,2008-01-16 16:00,-8.86,-10.18,-10.18,-10.14,-8.43,-10.15,-8.80,-9.29,-9.52,-7.94,-8.66,-7.96,-7.77,-6.88,-4.52
,2008-01-16 17:00,-8.89,-10.21,-10.15,-10.10,-8.42,-10.15,-8.85,-9.32,-9.56,-8.00,-8.72,-8.05,-7.83,-6.95,-4.61
,2008-01-16 18:00,-8.61,-9.96,-9.87,-9.80,-8.14,-9.89,-8.58,-9.07,-9.30,-7.74,-8.48,-7.80,-7.57,-6.70,-4.45
,2008-01-16 19:00,-8.61,-9.93,-9.86,-9.79,-8.18,-9.88,-8.54,-9.06,-9.29,-7.73,-8.47,-7.79,-7.58,-6.73,-4.55
,2008-01-16 20:00,-8.66,-9.94,-9.90,-9.83,-8.24,-9.90,-8.57,-9.09,-9.31,-7.78,-8.50,-7.84,-7.65,-6.81,-4.62
,2008-01-16 21:00,-8.63,-9.90,-9.85,-9.79,-8.22,-9.86,-8.54,-9.06,-9.28,-7.77,-8.48,-7.82,-7.64,-6.80,-4.64
,2008-01-16 22:00,-8.54,-9.82,-9.75,-9.69,-8.13,-9.77,-8.46,-8.97,-9.19,-7.68,-8.39,-7.74,-7.55,-6.72,-4.59
,2008-01-16 23:00,-8.64,-9.92,-9.88,-9.81,-8.23,-9.88,-8.55,-9.08,-9.30,-7.77,-8.49,-7.83,-7.64,-6.80,-4.62
,2008-01-17 00:00,-8.73,-9.97,-9.98,-9.92,-8.33,-9.95,-8.62,-9.15,-9.36,-7.84,-8.56,-7.90,-7.72,-6.86,-4.63
,2008-01-17 01:00,-8.66,-9.86,-9.87,-9.82,-8.27,-9.84,-8.55,-9.06,-9.27,-7.79,-8.49,-7.85,-7.68,-6.84,-4.61
,2008-01-17 02:00,-8.30,-9.47,-9.50,-9.45,-7.95,-9.46,-8.19,-8.69,-8.89,-7.44,-8.13,-7.49,-7.33,-6.52,-4.41
,2008-01-17 03:00,-8.26,-9.44,-9.50,-9.45,-7.94,-9.45,-8.12,-8.66,-8.86,-7.37,-8.08,-7.43,-7.28,-6.45,-4.36
,2008-01-17 04:00,-8.40,-9.60,-9.67,-9.62,-8.07,-9.62,-8.26,-8.81,-9.01,-7.49,-8.21,-7.54,-7.39,-6.55,-4.40
,2008-01-17 05:00,-8.45,-9.71,-9.77,-9.71,-8.11,-9.72,-8.32,-8.89,-9.10,-7.52,-8.27,-7.59,-7.42,-6.56,-4.38
,2008-01-17 06:00,-8.59,-9.91,-9.94,-9.87,-8.22,-9.90,-8.46,-9.05,-9.27,-7.64,-8.41,-7.71,-7.53,-6.65,-4.44
,2008-01-17 07:00,-8.83,-10.13,-10.15,-10.09,-8.44,-10.12,-8.71,-9.28,-9.49,-7.90,-8.65,-7.96,-7.78,-6.90,-4.63
,2008-01-17 08:00,-8.91,-10.27,-10.32,-10.24,-8.50,-10.28,-8.78,-9.39,-9.61,-7.93,-8.73,-8.00,-7.81,-6.87,-4.50
,2008-01-17 09:00,-8.76,-10.23,-10.25,-10.17,-8.30,-10.23,-8.62,-9.27,-9.52,-7.72,-8.57,-7.81,-7.59,-6.59,-4.05
,2008-01-17 10:00,-8.49,-9.93,-10.00,-9.94,-8.03,-9.95,-8.33,-8.97,-9.22,-7.42,-8.26,-7.47,-7.29,-6.28,-3.67
,2008-01-17 11:00,-7.62,-9.08,-9.16,-9.10,-7.19,-9.11,-7.46,-8.12,-8.36,-6.54,-7.39,-6.60,-6.42,-5.41,-2.85
,2008-01-17 12:00,-7.47,-8.92,-8.90,-8.86,-6.91,-8.88,-7.38,-7.93,-8.18,-6.44,-7.24,-6.47,-6.26,-5.24,-2.52
,2008-01-17 13:00,-7.13,-8.60,-8.47,-8.45,-6.50,-8.49,-7.15,-7.57,-7.84,-6.17,-6.92,-6.18,-5.93,-4.92,-2.19
,2008-01-17 14:00,-6.79,-8.07,-8.01,-8.02,-6.27,-8.00,-6.73,-7.14,-7.38,-5.87,-6.53,-5.84,-5.69,-4.80,-2.32
,2008-01-17 15:00,-7.70,-8.57,-8.47,-8.57,-7.13,-8.44,-7.67,-7.84,-8.03,-6.98,-7.41,-6.88,-6.80,-6.02,-3.52
,2008-01-17 16:00,-8.98,-9.64,-9.64,-9.77,-8.45,-9.56,-8.93,-9.02,-9.19,-8.32,-8.64,-8.18,-8.16,-7.44,-4.92
,2008-01-17 17:00,-10.11,-10.83,-10.87,-10.97,-9.55,-10.79,-10.03,-10.20,-10.37,-9.40,-9.78,-9.28,-9.25,-8.47,-5.81
,2008-01-17 18:00,-9.79,-10.47,-10.52,-10.60,-9.26,-10.45,-9.72,-9.88,-10.04,-9.13,-9.49,-9.03,-8.98,-8.24,-5.75
,2008-01-17 19:00,-9.71,-10.38,-10.44,-10.50,-9.24,-10.37,-9.63,-9.82,-9.97,-9.07,-9.44,-8.99,-8.94,-8.24,-5.91
,2008-01-17 20:00,-9.74,-10.62,-10.61,-10.61,-9.26,-10.59,-9.65,-9.98,-10.15,-9.04,-9.54,-9.04,-8.91,-8.17,-5.89
,2008-01-17 21:00,-9.66,-10.56,-10.58,-10.57,-9.21,-10.55,-9.55,-9.91,-10.08,-8.95,-9.46,-8.94,-8.84,-8.09,-5.83
,2008-01-17 22:00,-9.47,-10.18,-10.22,-10.22,-8.99,-10.18,-9.37,-9.65,-9.79,-8.86,-9.27,-8.83,-8.75,-8.06,-5.82
,2008-01-17 23:00,-9.34,-9.78,-9.87,-9.92,-8.85,-9.80,-9.27,-9.38,-9.49,-8.87,-9.10,-8.77,-8.74,-8.14,-5.96
,2008-01-18 00:00,-9.40,-9.62,-9.79,-9.90,-9.00,-9.67,-9.32,-9.33,-9.41,-8.99,-9.10,-8.83,-8.88,-8.38,-6.34
,2008-01-18 01:00,-9.25,-9.38,-9.54,-9.64,-8.78,-9.43,-9.19,-9.15,-9.21,-8.92,-8.97,-8.76,-8.80,-8.30,-6.17
,2008-01-18 02:00,-8.82,-9.15,-9.30,-9.37,-8.39,-9.19,-8.77,-8.82,-8.91,-8.39,-8.57,-8.27,-8.26,-7.71,-5.64
,2008-01-18 03:00,-7.60,-7.88,-8.10,-8.15,-7.29,-7.98,-7.45,-7.60,-7.67,-7.17,-7.33,-7.06,-7.11,-6.65,-4.89
,2008-01-18 04:00,-7.21,-8.12,-8.25,-8.20,-6.98,-8.18,-7.11,-7.54,-7.69,-6.50,-7.07,-6.55,-6.42,-5.75,-4.04
,2008-01-18 05:00,-7.14,-8.42,-8.51,-8.41,-6.98,-8.46,-7.04,-7.65,-7.84,-6.25,-7.03,-6.37,-6.17,-5.40,-3.78
,2008-01-18 06:00,-6.72,-8.14,-8.09,-7.95,-6.51,-8.11,-6.68,-7.29,-7.51,-5.86,-6.68,-6.01,-5.75,-4.99,-3.49
,2008-01-18 07:00,-6.64,-7.88,-7.99,-7.87,-6.51,-7.96,-6.43,-7.14,-7.32,-5.77,-6.52,-5.88,-5.75,-5.04,-3.53
,2008-01-18 08:00,-6.81,-8.19,-8.27,-8.12,-6.66,-8.25,-6.61,-7.38,-7.58,-5.89,-6.72,-6.04,-5.85,-5.08,-3.51
,2008-01-18 09:00,-6.61,-8.00,-8.07,-7.94,-6.40,-8.05,-6.44,-7.17,-7.38,-5.67,-6.51,-5.81,-5.61,-4.81,-3.09
,2008-01-18 10:00,-6.17,-7.55,-7.68,-7.55,-5.98,-7.63,-5.93,-6.72,-6.93,-5.18,-6.04,-5.32,-5.15,-4.31,-2.49
,2008-01-18 11:00,-5.78,-7.35,-7.47,-7.35,-5.46,-7.41,-5.53,-6.36,-6.61,-4.62,-5.58,-4.75,-4.57,-3.56,-1.23
,2008-01-18 12:00,-5.64,-7.27,-7.39,-7.32,-5.16,-7.31,-5.42,-6.18,-6.46,-4.39,-5.36,-4.46,-4.29,-3.15,-0.30
,2008-01-18 13:00,-5.50,-7.15,-7.26,-7.17,-4.97,-7.20,-5.23,-6.06,-6.34,-4.26,-5.23,-4.34,-4.16,-3.01,-0.05
,2008-01-18 14:00,-5.48,-6.91,-7.05,-6.96,-5.04,-6.99,-5.26,-5.97,-6.21,-4.41,-5.23,-4.46,-4.31,-3.33,-0.83
,2008-01-18 15:00,-5.50,-6.98,-7.02,-6.89,-5.07,-7.02,-5.33,-6.05,-6.28,-4.51,-5.34,-4.60,-4.40,-3.48,-1.23
,2008-01-18 16:00,-5.23,-6.90,-6.85,-6.67,-4.86,-6.88,-5.21,-5.92,-6.17,-4.25,-5.21,-4.44,-4.09,-3.13,-1.15
,2008-01-18 17:00,-4.76,-6.25,-6.32,-6.16,-4.52,-6.30,-4.67,-5.37,-5.59,-3.81,-4.68,-3.95,-3.70,-2.85,-1.13
,2008-01-18 18:00,-4.33,-5.75,-5.85,-5.67,-4.16,-5.83,-4.18,-4.94,-5.14,-3.43,-4.27,-3.58,-3.36,-2.59,-1.05
,2008-01-18 19:00,-3.98,-5.30,-5.42,-5.24,-3.86,-5.39,-3.81,-4.56,-4.74,-3.12,-3.94,-3.30,-3.09,-2.36,-1.01
,2008-01-18 20:00,-2.99,-4.42,-4.40,-4.19,-2.89,-4.43,-2.94,-3.65,-3.84,-2.19,-3.05,-2.42,-2.11,-1.42,-0.38
,2008-01-18 21:00,-2.18,-3.54,-3.53,-3.32,-2.14,-3.57,-2.07,-2.82,-3.00,-1.41,-2.24,-1.64,-1.38,-0.75,0.11
,2008-01-18 22:00,-1.56,-2.88,-2.92,-2.71,-1.60,-2.94,-1.37,-2.19,-2.36,-0.77,-1.61,-1.01,-0.80,-0.22,0.49
,2008-01-18 23:00,-1.40,-2.60,-2.68,-2.49,-1.51,-2.68,-1.19,-1.97,-2.12,-0.65,-1.42,-0.86,-0.70,-0.20,0.33
,2008-01-19 00:00,-1.34,-2.45,-2.58,-2.38,-1.47,-2.57,-1.10,-1.88,-2.02,-0.63,-1.35,-0.84,-0.70,-0.24,0.25
,2008-01-19 01:00,-1.34,-2.35,-2.55,-2.35,-1.54,-2.51,-1.03,-1.85,-1.96,-0.65,-1.33,-0.85,-0.76,-0.35,0.04
,2008-01-19 02:00,-1.58,-2.60,-2.80,-2.60,-1.80,-2.76,-1.26,-2.11,-2.22,-0.88,-1.58,-1.09,-1.01,-0.60,-0.27
,2008-01-19 03:00,-1.76,-2.82,-3.00,-2.79,-1.96,-2.97,-1.47,-2.31,-2.43,-1.05,-1.78,-1.28,-1.17,-0.73,-0.39
,2008-01-19 04:00,-1.68,-2.74,-2.95,-2.73,-1.90,-2.91,-1.36,-2.24,-2.35,-0.95,-1.70,-1.19,-1.08,-0.64,-0.30
,2008-01-19 05:00,-1.55,-2.61,-2.86,-2.63,-1.77,-2.82,-1.17,-2.13,-2.23,-0.80,-1.57,-1.05,-0.96,-0.51,-0.17
,2008-01-19 06:00,-1.53,-2.57,-2.81,-2.57,-1.77,-2.78,-1.15,-2.10,-2.20,-0.80,-1.55,-1.05,-0.96,-0.54,-0.27
,2008-01-19 07:00,-1.43,-2.56,-2.78,-2.52,-1.64,-2.76,-1.05,-2.05,-2.16,-0.66,-1.48,-0.95,-0.82,-0.34,-0.01
,2008-01-19 08:00,-1.03,-2.10,-2.39,-2.14,-1.29,-2.34,-0.64,-1.63,-1.73,-0.27,-1.06,-0.54,-0.43,0.03,0.33
,2008-01-19 09:00,-1.03,-2.14,-2.44,-2.21,-1.24,-2.37,-0.63,-1.61,-1.73,-0.21,-1.01,-0.45,-0.36,0.16,0.69
,2008-01-19 10:00,-0.85,-2.12,-2.33,-2.12,-0.92,-2.28,-0.54,-1.46,-1.62,0.04,-0.82,-0.20,-0.05,0.59,1.45
,2008-01-19 11:00,-0.52,-1.99,-2.15,-1.94,-0.47,-2.11,-0.26,-1.18,-1.38,0.47,-0.48,0.24,0.44,1.22,2.46
,2008-01-19 12:00,0.61,-1.02,-1.06,-0.83,0.78,-1.08,0.78,-0.12,-0.34,1.61,0.60,1.35,1.64,2.48,3.85
,2008-01-19 13:00,1.46,-0.12,-0.13,0.07,1.65,-0.15,1.57,0.77,0.55,2.40,1.46,2.17,2.47,3.28,4.61
,2008-01-19 14:00,0.88,-0.31,-0.34,-0.21,1.09,-0.34,0.94,0.39,0.22,1.61,0.93,1.49,1.69,2.32,3.52
,2008-01-19 15:00,0.36,-0.61,-0.76,-0.64,0.49,-0.72,0.53,-0.03,-0.17,1.03,0.46,0.95,1.05,1.58,2.66
,2008-01-19 16:00,0.38,-0.63,-0.78,-0.62,0.42,-0.76,0.60,-0.09,-0.21,1.05,0.42,0.90,1.02,1.53,2.37
,2008-01-19 17:00,0.39,-0.62,-0.82,-0.63,0.35,-0.79,0.66,-0.10,-0.22,1.08,0.42,0.90,1.02,1.51,2.19
,2008-01-19 18:00,0.76,-0.46,-0.58,-0.36,0.72,-0.58,0.95,0.15,0.01,1.49,0.72,1.26,1.47,2.01,2.62
,2008-01-19 19:00,0.95,-0.18,-0.38,-0.15,0.84,-0.35,1.21,0.37,0.25,1.68,0.93,1.45,1.60,2.11,2.62
,2008-01-19 20:00,1.21,0.00,-0.12,0.14,1.08,-0.13,1.41,0.56,0.43,1.89,1.10,1.62,1.84,2.33,2.63
,2008-01-19 21:00,1.48,0.43,0.25,0.49,1.29,0.26,1.71,0.90,0.80,2.10,1.40,1.86,2.02,2.42,2.58
,2008-01-19 22:00,1.40,0.27,0.10,0.37,1.18,0.09,1.68,0.77,0.66,2.07,1.30,1.79,1.95,2.37,2.49
,2008-01-19 23:00,1.47,0.38,0.16,0.42,1.19,0.19,1.78,0.86,0.75,2.15,1.39,1.88,2.01,2.40,2.42
,2008-01-20 00:00,1.21,0.06,-0.08,0.19,0.99,-0.09,1.44,0.56,0.44,1.87,1.08,1.57,1.77,2.20,2.27
,2008-01-20 01:00,1.28,0.06,-0.11,0.19,1.01,-0.12,1.61,0.57,0.46,2.01,1.13,1.65,1.85,2.31,2.39
,2008-01-20 02:00,1.60,0.55,0.34,0.62,1.30,0.34,1.99,0.97,0.88,2.28,1.48,1.95,2.08,2.47,2.45
,2008-01-20 03:00,1.58,0.63,0.46,0.73,1.32,0.45,1.92,1.00,0.92,2.16,1.45,1.86,1.99,2.33,2.27
,2008-01-20 04:00,1.52,0.50,0.42,0.70,1.31,0.38,1.79,0.91,0.82,2.08,1.34,1.75,1.94,2.31,2.25
,2008-01-20 05:00,1.60,0.50,0.36,0.66,1.32,0.33,1.94,0.92,0.83,2.25,1.42,1.87,2.07,2.46,2.33
,2008-01-20 06:00,1.92,0.81,0.56,0.87,1.53,0.57,2.36,1.24,1.15,2.65,1.79,2.27,2.41,2.79,2.58
,2008-01-20 07:00,1.58,0.56,0.32,0.60,1.24,0.34,1.99,0.96,0.88,2.26,1.48,1.94,2.05,2.42,2.32
,2008-01-20 08:00,1.54,0.74,0.54,0.77,1.30,0.55,1.89,1.05,0.98,2.09,1.46,1.82,1.91,2.22,2.18
,2008-01-20 09:00,2.22,1.19,1.09,1.32,2.08,1.06,2.50,1.65,1.54,2.85,2.11,2.56,2.72,3.15,3.35
,2008-01-20 10:00,2.19,0.90,0.80,1.01,2.21,0.79,2.46,1.58,1.42,3.03,2.18,2.78,2.96,3.58,4.40
,2008-01-20 11:00,2.14,0.59,0.54,0.76,2.27,0.51,2.36,1.44,1.23,3.09,2.14,2.84,3.08,3.84,5.00
,2008-01-20 12:00,2.82,1.00,1.08,1.32,3.07,1.01,2.97,2.03,1.77,3.87,2.78,3.59,3.92,4.82,6.26
,2008-01-20 13:00,2.72,1.10,1.13,1.31,3.03,1.10,2.86,2.06,1.82,3.72,2.77,3.52,3.78,4.66,6.29
,2008-01-20 14:00,1.40,0.24,0.20,0.30,1.73,0.21,1.51,0.98,0.79,2.17,1.53,2.10,2.25,2.96,4.54
,2008-01-20 15:00,1.52,0.30,0.34,0.48,1.77,0.29,1.66,1.01,0.84,2.26,1.54,2.10,2.30,2.96,4.20
,2008-01-20 16:00,1.70,0.70,0.51,0.67,1.68,0.55,2.04,1.24,1.11,2.45,1.76,2.27,2.34,2.86,3.67
,2008-01-20 17:00,1.33,0.42,0.16,0.33,1.21,0.22,1.73,0.87,0.77,2.06,1.39,1.86,1.90,2.37,3.01
,2008-01-20 18:00,1.54,0.60,0.36,0.56,1.34,0.39,1.96,1.03,0.94,2.25,1.54,2.01,2.06,2.48,2.82
,2008-01-20 19:00,1.51,0.55,0.33,0.54,1.32,0.36,1.92,1.00,0.90,2.21,1.51,1.97,2.03,2.44,2.75
,2008-01-20 20:00,1.08,0.14,-0.04,0.16,0.93,-0.03,1.46,0.58,0.48,1.76,1.06,1.51,1.59,2.01,2.38
,2008-01-20 21:00,0.72,-0.05,-0.27,-0.10,0.59,-0.23,1.13,0.31,0.24,1.35,0.75,1.15,1.17,1.55,1.97
,2008-01-20 22:00,0.98,0.04,-0.12,0.10,0.84,-0.11,1.36,0.47,0.37,1.64,0.94,1.38,1.47,1.89,2.22
,2008-01-20 23:00,0.88,-0.01,-0.21,0.01,0.67,-0.20,1.28,0.37,0.29,1.51,0.83,1.25,1.32,1.69,1.86
,2008-01-21 00:00,0.74,-0.03,-0.29,-0.09,0.52,-0.24,1.19,0.30,0.24,1.37,0.75,1.14,1.15,1.50,1.72
,2008-01-21 01:00,0.80,-0.03,-0.24,-0.03,0.60,-0.22,1.24,0.33,0.25,1.43,0.77,1.18,1.22,1.59,1.79
,2008-01-21 02:00,0.36,-0.38,-0.64,-0.44,0.17,-0.60,0.86,-0.07,-0.13,1.00,0.36,0.75,0.76,1.12,1.44
,2008-01-21 03:00,0.76,0.12,-0.11,0.09,0.53,-0.09,1.23,0.36,0.31,1.30,0.73,1.05,1.06,1.34,1.42
,2008-01-21 04:00,2.51,1.60,1.50,1.79,2.15,1.44,2.91,1.90,1.84,3.04,2.31,2.67,2.79,3.02,2.51
,2008-01-21 05:00,2.34,1.64,1.36,1.63,1.89,1.38,2.90,1.83,1.81,2.89,2.24,2.56,2.56,2.74,2.23
,2008-01-21 06:00,2.06,1.39,1.10,1.35,1.61,1.13,2.61,1.58,1.56,2.61,1.98,2.30,2.28,2.46,1.99
,2008-01-21 07:00,2.10,1.25,1.06,1.34,1.68,1.04,2.56,1.52,1.47,2.66,1.93,2.29,2.38,2.61,2.11
,2008-01-21 08:00,1.92,0.86,0.83,1.13,1.63,0.76,2.26,1.25,1.17,2.51,1.69,2.10,2.30,2.64,2.33
,2008-01-21 09:00,1.86,0.94,0.97,1.24,1.72,0.87,2.11,1.28,1.20,2.33,1.62,1.96,2.18,2.50,2.37
,2008-01-21 10:00,1.68,0.94,0.90,1.10,1.71,0.86,1.95,1.25,1.18,2.15,1.57,1.89,2.03,2.43,2.90
,2008-01-21 11:00,2.86,1.81,1.71,1.91,2.93,1.69,3.30,2.33,2.21,3.63,2.84,3.35,3.46,4.08,5.11
,2008-01-21 12:00,4.30,2.48,2.68,2.97,4.50,2.54,4.36,3.44,3.20,5.21,4.11,4.84,5.27,6.08,7.06
,2008-01-21 13:00,4.06,2.46,2.60,2.85,4.23,2.49,4.17,3.32,3.11,4.92,3.94,4.60,4.94,5.67,6.57
,2008-01-21 14:00,2.61,1.55,1.57,1.73,2.74,1.53,2.77,2.13,1.98,3.25,2.58,3.05,3.24,3.77,4.56
,2008-01-21 15:00,1.36,0.33,0.38,0.53,1.53,0.33,1.47,0.90,0.76,1.96,1.33,1.78,1.97,2.50,3.34
,2008-01-21 16:00,0.96,-0.12,-0.16,0.02,0.95,-0.18,1.12,0.42,0.29,1.61,0.89,1.38,1.58,2.09,2.64
,2008-01-21 17:00,0.67,-0.31,-0.41,-0.21,0.60,-0.42,0.88,0.16,0.05,1.28,0.61,1.04,1.21,1.65,2.04
,2008-01-21 18:00,0.48,-0.33,-0.53,-0.33,0.26,-0.50,0.79,0.01,-0.06,1.04,0.43,0.81,0.89,1.22,1.31
,2008-01-21 19:00,0.66,-0.03,-0.29,-0.08,0.33,-0.26,1.05,0.21,0.17,1.17,0.60,0.93,0.97,1.19,0.97
,2008-01-21 20:00,0.43,-0.31,-0.53,-0.30,0.14,-0.51,0.81,-0.04,-0.09,0.95,0.36,0.70,0.75,0.99,0.78
,2008-01-21 21:00,0.03,-0.82,-1.03,-0.80,-0.27,-1.02,0.39,-0.49,-0.56,0.60,-0.05,0.33,0.42,0.70,0.52
,2008-01-21 22:00,-0.43,-1.32,-1.52,-1.29,-0.70,-1.51,-0.10,-0.95,-1.03,0.15,-0.50,-0.09,0.00,0.29,0.18
,2008-01-21 23:00,-1.04,-1.95,-2.14,-1.91,-1.26,-2.13,-0.75,-1.56,-1.65,-0.45,-1.10,-0.69,-0.58,-0.25,-0.23
,2008-01-22 00:00,-1.15,-2.10,-2.26,-2.02,-1.36,-2.26,-0.85,-1.69,-1.78,-0.56,-1.22,-0.81,-0.69,-0.36,-0.36
,2008-01-22 01:00,-1.26,-2.13,-2.27,-2.05,-1.48,-2.28,-0.99,-1.76,-1.84,-0.73,-1.34,-0.96,-0.85,-0.57,-0.63
,2008-01-22 02:00,-1.45,-2.33,-2.50,-2.28,-1.66,-2.49,-1.17,-1.96,-2.04,-0.90,-1.52,-1.13,-1.02,-0.71,-0.68
,2008-01-22 03:00,-1.93,-2.90,-3.07,-2.84,-2.12,-3.06,-1.67,-2.47,-2.57,-1.32,-2.00,-1.56,-1.42,-1.05,-0.92
,2008-01-22 04:00,-2.69,-3.58,-3.77,-3.58,-2.84,-3.75,-2.44,-3.17,-3.26,-2.10,-2.71,-2.29,-2.18,-1.81,-1.54
,2008-01-22 05:00,-3.75,-4.54,-4.74,-4.58,-3.84,-4.70,-3.52,-4.16,-4.25,-3.17,-3.73,-3.33,-3.24,-2.85,-2.37
,2008-01-22 06:00,-4.55,-5.51,-5.69,-5.55,-4.56,-5.65,-4.31,-5.00,-5.12,-3.85,-4.50,-4.01,-3.89,-3.36,-2.44
,2008-01-22 07:00,-5.78,-6.86,-7.01,-6.88,-5.71,-6.97,-5.54,-6.26,-6.40,-4.98,-5.70,-5.14,-5.00,-4.36,-3.14
,2008-01-22 08:00,-5.97,-7.20,-7.32,-7.16,-5.90,-7.30,-5.78,-6.52,-6.69,-5.15,-5.92,-5.31,-5.14,-4.48,-3.28
,2008-01-22 09:00,-6.13,-7.35,-7.50,-7.38,-5.98,-7.45,-5.87,-6.63,-6.81,-5.22,-6.00,-5.36,-5.22,-4.46,-2.84
,2008-01-22 10:00,-6.81,-8.19,-8.28,-8.19,-6.45,-8.24,-6.58,-7.30,-7.53,-5.77,-6.61,-5.87,-5.72,-4.78,-2.50
,2008-01-22 11:00,-7.17,-8.82,-8.91,-8.86,-6.65,-8.84,-6.99,-7.71,-7.99,-5.92,-6.88,-5.98,-5.79,-4.62,-1.61
,2008-01-22 12:00,-7.95,-9.85,-9.93,-9.89,-7.27,-9.84,-7.75,-8.53,-8.87,-6.49,-7.59,-6.54,-6.31,-4.92,-1.24
,2008-01-22 13:00,-7.99,-10.00,-10.06,-10.02,-7.29,-9.99,-7.81,-8.61,-8.97,-6.48,-7.62,-6.53,-6.28,-4.85,-1.08
,2008-01-22 14:00,-8.27,-10.13,-10.22,-10.22,-7.57,-10.13,-8.07,-8.80,-9.14,-6.81,-7.85,-6.80,-6.62,-5.24,-1.45
,2008-01-22 15:00,-8.96,-10.76,-10.86,-10.87,-8.28,-10.76,-8.75,-9.46,-9.79,-7.52,-8.52,-7.49,-7.33,-5.99,-2.25
,2008-01-22 16:00,-9.84,-11.50,-11.57,-11.59,-9.14,-11.47,-9.66,-10.28,-10.59,-8.50,-9.42,-8.46,-8.31,-7.03,-3.37
,2008-01-22 17:00,-10.95,-12.59,-12.64,-12.68,-10.23,-12.55,-10.83,-11.37,-11.68,-9.65,-10.52,-9.58,-9.42,-8.15,-4.47
,2008-01-22 18:00,-12.59,-14.25,-14.33,-14.39,-11.85,-14.22,-12.47,-13.00,-13.32,-11.25,-12.13,-11.15,-11.00,-9.68,-5.79
,2008-01-22 19:00,-14.10,-15.93,-16.00,-16.03,-13.24,-15.90,-13.98,-14.57,-14.93,-12.66,-13.63,-12.58,-12.37,-10.91,-6.60
,2008-01-22 20:00,-14.76,-16.78,-16.78,-16.76,-13.85,-16.73,-14.67,-15.35,-15.72,-13.28,-14.37,-13.26,-12.97,-11.44,-7.06
,2008-01-22 21:00,-15.44,-17.54,-17.51,-17.46,-14.53,-17.47,-15.36,-16.08,-16.46,-13.95,-15.08,-13.95,-13.64,-12.08,-7.70
,2008-01-22 22:00,-15.45,-17.53,-17.45,-17.37,-14.52,-17.44,-15.38,-16.11,-16.48,-14.02,-15.15,-14.07,-13.72,-12.18,-7.90
,2008-01-22 23:00,-15.52,-17.59,-17.49,-17.39,-14.61,-17.51,-15.44,-16.21,-16.57,-14.12,-15.27,-14.20,-13.83,-12.31,-8.13
,2008-01-23 00:00,-15.08,-17.18,-17.13,-16.98,-14.23,-17.14,-14.94,-15.83,-16.18,-13.66,-14.88,-13.80,-13.41,-11.88,-7.81
,2008-01-23 01:00,-14.27,-16.53,-16.46,-16.25,-13.46,-16.50,-14.12,-15.15,-15.51,-12.81,-14.15,-13.03,-12.58,-11.01,-7.06
,2008-01-23 02:00,-13.37,-15.52,-15.51,-15.27,-12.68,-15.54,-13.20,-14.25,-14.58,-12.00,-13.29,-12.24,-11.80,-10.34,-6.82
,2008-01-23 03:00,-12.12,-14.19,-14.18,-13.90,-11.59,-14.23,-11.97,-13.03,-13.33,-10.87,-12.13,-11.16,-10.71,-9.42,-6.54
,2008-01-23 04:00,-10.59,-12.59,-12.64,-12.32,-10.24,-12.68,-10.41,-11.53,-11.80,-9.42,-10.65,-9.73,-9.30,-8.14,-5.81
,2008-01-23 05:00,-9.52,-11.30,-11.42,-11.10,-9.24,-11.44,-9.32,-10.38,-10.61,-8.48,-9.57,-8.76,-8.39,-7.38,-5.35
,2008-01-23 06:00,-8.58,-10.14,-10.32,-10.00,-8.38,-10.32,-8.34,-9.35,-9.55,-7.65,-8.62,-7.91,-7.60,-6.73,-5.01
,2008-01-23 07:00,-8.03,-9.41,-9.60,-9.31,-7.88,-9.59,-7.85,-8.74,-8.90,-7.23,-8.09,-7.46,-7.18,-6.41,-4.94
,2008-01-23 08:00,-8.08,-9.13,-9.49,-9.33,-8.15,-9.36,-7.88,-8.58,-8.71,-7.27,-7.98,-7.40,-7.27,-6.64,-5.45
,2008-01-23 09:00,-7.92,-9.28,-9.32,-9.12,-7.71,-9.32,-8.00,-8.56,-8.75,-7.17,-7.99,-7.37,-7.00,-6.20,-4.68
,2008-01-23 10:00,-7.23,-8.91,-8.83,-8.60,-6.93,-8.87,-7.36,-7.99,-8.23,-6.35,-7.34,-6.60,-6.14,-5.20,-3.46
,2008-01-23 11:00,-6.31,-8.00,-7.94,-7.74,-5.99,-7.97,-6.29,-7.04,-7.29,-5.31,-6.34,-5.56,-5.17,-4.18,-2.23
,2008-01-23 12:00,-5.27,-7.02,-6.92,-6.78,-4.87,-6.95,-5.30,-5.95,-6.23,-4.21,-5.22,-4.40,-4.03,-3.00,-0.85
,2008-01-23 13:00,-5.86,-7.30,-7.21,-7.14,-5.33,-7.22,-5.94,-6.35,-6.61,-4.96,-5.74,-5.03,-4.73,-3.77,-1.40
,2008-01-23 14:00,-5.75,-6.96,-6.89,-6.82,-5.27,-6.90,-5.82,-6.17,-6.38,-5.00,-5.66,-5.06,-4.80,-3.98,-1.89
,2008-01-23 15:00,-5.18,-6.37,-6.26,-6.15,-4.82,-6.31,-5.24,-5.66,-5.85,-4.52,-5.18,-4.64,-4.36,-3.65,-2.05
,2008-01-23 16:00,-5.63,-6.75,-6.72,-6.59,-5.31,-6.74,-5.64,-6.10,-6.27,-4.97,-5.64,-5.11,-4.84,-4.13,-2.53
,2008-01-23 17:00,-3.81,-5.38,-5.26,-5.01,-3.70,-5.34,-3.88,-4.58,-4.79,-3.03,-4.00,-3.35,-2.91,-2.17,-1.19
,2008-01-23 18:00,-3.76,-5.23,-5.21,-4.96,-3.76,-5.24,-3.76,-4.51,-4.69,-2.99,-3.93,-3.31,-2.92,-2.22,-1.38
,2008-01-23 19:00,-3.83,-5.22,-5.25,-5.00,-3.84,-5.28,-3.76,-4.54,-4.71,-3.07,-3.97,-3.37,-3.03,-2.37,-1.57
,2008-01-23 20:00,-3.46,-4.58,-4.69,-4.47,-3.54,-4.68,-3.29,-4.04,-4.17,-2.79,-3.54,-3.03,-2.82,-2.28,-1.64
,2008-01-23 21:00,-3.02,-4.28,-4.25,-4.00,-3.00,-4.32,-2.96,-3.69,-3.84,-2.39,-3.20,-2.69,-2.36,-1.79,-1.14
,2008-01-23 22:00,-2.34,-3.49,-3.55,-3.30,-2.47,-3.57,-2.21,-2.98,-3.11,-1.72,-2.51,-2.03,-1.75,-1.26,-0.90
,2008-01-23 23:00,-2.12,-3.07,-3.13,-2.89,-2.28,-3.16,-1.94,-2.68,-2.77,-1.61,-2.29,-1.90,-1.69,-1.31,-1.16
,2008-01-24 00:00,-2.07,-2.81,-2.98,-2.76,-2.36,-2.96,-1.81,-2.56,-2.61,-1.61,-2.20,-1.88,-1.75,-1.48,-1.57
,2008-01-24 01:00,-3.17,-3.84,-3.92,-3.73,-3.34,-3.92,-3.08,-3.61,-3.66,-2.82,-3.34,-3.07,-2.87,-2.59,-2.55
,2008-01-24 02:00,-3.67,-4.16,-4.26,-4.12,-3.79,-4.25,-3.55,-4.00,-4.04,-3.38,-3.78,-3.57,-3.43,-3.19,-3.04
,2008-01-24 03:00,-2.92,-3.63,-3.65,-3.45,-3.07,-3.69,-2.77,-3.37,-3.43,-2.54,-3.09,-2.81,-2.62,-2.34,-2.29
,2008-01-24 04:00,-2.51,-3.28,-3.26,-3.03,-2.68,-3.32,-2.39,-3.01,-3.07,-2.16,-2.73,-2.45,-2.23,-1.96,-2.07
,2008-01-24 05:00,-2.04,-2.66,-2.66,-2.47,-2.22,-2.72,-1.90,-2.47,-2.51,-1.73,-2.24,-2.01,-1.83,-1.62,-1.81
,2008-01-24 06:00,-1.83,-2.37,-2.40,-2.21,-2.05,-2.44,-1.65,-2.22,-2.25,-1.55,-2.02,-1.81,-1.67,-1.50,-1.76
,2008-01-24 07:00,-2.10,-2.50,-2.58,-2.41,-2.29,-2.60,-1.88,-2.42,-2.44,-1.85,-2.25,-2.09,-1.99,-1.83,-1.98
,2008-01-24 08:00,-1.60,-1.81,-1.95,-1.81,-1.79,-1.94,-1.31,-1.84,-1.83,-1.39,-1.72,-1.61,-1.57,-1.44,-1.53
,2008-01-24 09:00,0.00,-0.25,-0.41,-0.24,-0.32,-0.40,0.28,-0.30,-0.28,0.20,-0.17,-0.07,-0.01,0.07,-0.41
,2008-01-24 10:00,0.62,0.10,0.03,0.21,0.46,0.01,0.85,0.24,0.21,0.94,0.46,0.67,0.80,1.05,1.02
,2008-01-24 11:00,0.72,0.24,0.18,0.29,0.80,0.18,1.01,0.45,0.40,1.12,0.69,0.94,1.00,1.38,2.11
,2008-01-24 12:00,1.64,0.88,0.86,0.92,1.87,0.87,1.88,1.35,1.23,2.25,1.72,2.12,2.20,2.75,4.03
,2008-01-24 13:00,2.08,0.97,0.97,1.08,2.25,0.97,2.28,1.63,1.47,2.86,2.13,2.68,2.83,3.48,4.67
,2008-01-24 14:00,1.19,0.15,0.17,0.29,1.36,0.15,1.34,0.76,0.61,1.86,1.21,1.70,1.86,2.43,3.47
,2008-01-24 15:00,-0.39,-1.04,-0.95,-0.89,-0.09,-1.01,-0.29,-0.63,-0.74,0.01,-0.37,-0.07,0.04,0.47,1.54
,2008-01-24 16:00,-1.26,-1.74,-1.71,-1.67,-1.06,-1.73,-1.17,-1.44,-1.52,-0.92,-1.23,-0.98,-0.91,-0.55,0.31
,2008-01-24 17:00,-2.03,-2.43,-2.54,-2.50,-1.91,-2.50,-1.84,-2.19,-2.25,-1.63,-1.95,-1.70,-1.68,-1.30,-0.37
,2008-01-24 18:00,-2.05,-2.42,-2.51,-2.45,-2.00,-2.49,-1.86,-2.23,-2.27,-1.71,-2.02,-1.81,-1.77,-1.48,-0.83
,2008-01-24 19:00,-2.15,-2.54,-2.70,-2.63,-2.16,-2.64,-1.93,-2.35,-2.40,-1.76,-2.11,-1.88,-1.85,-1.52,-0.86
,2008-01-24 20:00,-2.28,-2.90,-3.04,-2.91,-2.31,-3.02,-2.03,-2.62,-2.68,-1.79,-2.29,-1.97,-1.88,-1.50,-0.90
,2008-01-24 21:00,-2.02,-2.87,-2.96,-2.77,-2.05,-2.97,-1.76,-2.48,-2.57,-1.46,-2.09,-1.70,-1.55,-1.11,-0.53
,2008-01-24 22:00,-2.14,-3.15,-3.22,-3.00,-2.18,-3.25,-1.87,-2.69,-2.80,-1.51,-2.24,-1.79,-1.60,-1.11,-0.54
,2008-01-24 23:00,-2.38,-3.42,-3.50,-3.28,-2.44,-3.52,-2.09,-2.93,-3.05,-1.72,-2.46,-1.99,-1.82,-1.32,-0.73
,2008-01-25 00:00,-1.91,-2.93,-3.12,-2.90,-2.05,-3.10,-1.53,-2.45,-2.56,-1.19,-1.93,-1.44,-1.35,-0.87,-0.34
,2008-01-25 01:00,-2.08,-3.16,-3.35,-3.12,-2.21,-3.33,-1.67,-2.65,-2.76,-1.31,-2.10,-1.57,-1.47,-0.96,-0.34
,2008-01-25 02:00,-2.56,-3.67,-3.87,-3.66,-2.67,-3.84,-2.16,-3.13,-3.25,-1.75,-2.55,-2.00,-1.89,-1.33,-0.58
,2008-01-25 03:00,-2.90,-4.06,-4.24,-4.03,-2.95,-4.21,-2.55,-3.47,-3.61,-2.08,-2.89,-2.32,-2.19,-1.59,-0.69
,2008-01-25 04:00,-3.28,-4.50,-4.63,-4.44,-3.22,-4.62,-2.95,-3.85,-4.00,-2.41,-3.25,-2.64,-2.49,-1.81,-0.62
,2008-01-25 05:00,-3.82,-5.21,-5.32,-5.16,-3.61,-5.28,-3.67,-4.41,-4.61,-2.89,-3.75,-3.06,-2.83,-1.98,-0.29
,2008-01-25 06:00,-4.19,-5.72,-5.72,-5.59,-3.84,-5.71,-4.19,-4.79,-5.03,-3.23,-4.11,-3.38,-3.06,-2.12,-0.15
,2008-01-25 07:00,-4.78,-6.35,-6.36,-6.24,-4.40,-6.34,-4.75,-5.37,-5.62,-3.77,-4.66,-3.89,-3.60,-2.63,-0.47
,2008-01-25 08:00,-5.29,-6.91,-6.91,-6.81,-4.82,-6.89,-5.28,-5.87,-6.14,-4.23,-5.13,-4.32,-4.03,-2.99,-0.56
,2008-01-25 09:00,-5.46,-7.28,-7.23,-7.13,-4.91,-7.23,-5.45,-6.10,-6.40,-4.29,-5.29,-4.39,-4.06,-2.91,-0.21
,2008-01-25 10:00,-5.12,-7.03,-7.00,-6.89,-4.53,-6.99,-5.11,-5.79,-6.11,-3.89,-4.94,-3.99,-3.65,-2.44,0.43
,2008-01-25 11:00,-4.32,-6.40,-6.39,-6.25,-3.76,-6.37,-4.31,-5.07,-5.41,-2.99,-4.13,-3.11,-2.75,-1.48,1.38
,2008-01-25 12:00,-2.70,-5.12,-4.98,-4.79,-2.11,-5.02,-2.75,-3.62,-4.01,-1.27,-2.60,-1.47,-0.99,0.38,3.26
,2008-01-25 13:00,-2.50,-4.41,-4.34,-4.29,-1.84,-4.32,-2.56,-3.12,-3.45,-1.23,-2.27,-1.30,-0.96,0.30,3.37
,2008-01-25 14:00,-4.24,-5.42,-5.40,-5.51,-3.53,-5.32,-4.30,-4.46,-4.71,-3.28,-3.87,-3.17,-3.02,-1.98,1.17
,2008-01-25 15:00,-4.89,-6.13,-5.97,-6.02,-4.19,-5.98,-5.00,-5.19,-5.44,-4.05,-4.65,-4.00,-3.78,-2.82,-0.04
,2008-01-25 16:00,-5.77,-6.82,-6.75,-6.82,-5.13,-6.70,-5.88,-5.99,-6.22,-4.99,-5.51,-4.91,-4.73,-3.83,-1.15
,2008-01-25 17:00,-5.83,-7.02,-6.95,-6.95,-5.28,-6.92,-5.94,-6.18,-6.41,-5.02,-5.66,-5.03,-4.78,-3.87,-1.40
,2008-01-25 18:00,-5.70,-6.82,-6.74,-6.73,-5.19,-6.73,-5.77,-6.05,-6.25,-4.96,-5.56,-4.99,-4.75,-3.90,-1.63
,2008-01-25 19:00,-6.06,-6.93,-6.88,-6.90,-5.55,-6.86,-6.10,-6.28,-6.46,-5.43,-5.89,-5.41,-5.24,-4.49,-2.29
,2008-01-25 20:00,-5.63,-6.60,-6.54,-6.51,-5.20,-6.54,-5.66,-5.95,-6.13,-4.99,-5.53,-5.03,-4.82,-4.09,-2.12
,2008-01-25 21:00,-4.77,-5.93,-5.94,-5.84,-4.50,-5.93,-4.73,-5.24,-5.42,-4.01,-4.72,-4.15,-3.90,-3.15,-1.48
,2008-01-25 22:00,-4.25,-5.46,-5.51,-5.36,-4.12,-5.49,-4.17,-4.78,-4.96,-3.48,-4.25,-3.67,-3.42,-2.71,-1.37
,2008-01-25 23:00,-3.67,-4.79,-4.89,-4.72,-3.65,-4.87,-3.50,-4.21,-4.35,-2.93,-3.69,-3.15,-2.94,-2.31,-1.27
,2008-01-26 00:00,-3.76,-4.85,-4.91,-4.73,-3.68,-4.91,-3.61,-4.28,-4.42,-3.07,-3.80,-3.29,-3.07,-2.45,-1.40
,2008-01-26 01:00,-3.44,-4.69,-4.76,-4.53,-3.46,-4.77,-3.25,-4.09,-4.24,-2.68,-3.54,-2.98,-2.72,-2.08,-1.22
,2008-01-26 02:00,-3.32,-4.52,-4.65,-4.41,-3.34,-4.65,-3.05,-3.94,-4.08,-2.56,-3.39,-2.83,-2.62,-2.01,-1.14
,2008-01-26 03:00,-3.17,-4.38,-4.58,-4.32,-3.25,-4.56,-2.84,-3.82,-3.95,-2.37,-3.23,-2.66,-2.47,-1.85,-1.01
,2008-01-26 04:00,-3.28,-4.34,-4.58,-4.35,-3.41,-4.53,-2.96,-3.86,-3.97,-2.54,-3.31,-2.79,-2.64,-2.09,-1.37
,2008-01-26 05:00,-3.05,-3.98,-4.26,-4.04,-3.18,-4.20,-2.67,-3.57,-3.66,-2.34,-3.06,-2.58,-2.48,-1.96,-1.23
,2008-01-26 06:00,-2.63,-3.48,-3.79,-3.59,-2.79,-3.72,-2.20,-3.11,-3.19,-1.93,-2.62,-2.17,-2.11,-1.62,-0.94
,2008-01-26 07:00,-3.00,-3.74,-3.87,-3.72,-2.97,-3.85,-2.81,-3.40,-3.48,-2.48,-3.04,-2.67,-2.53,-2.04,-1.20
,2008-01-26 08:00,-3.11,-4.04,-4.11,-3.92,-3.04,-4.12,-2.93,-3.60,-3.71,-2.52,-3.19,-2.77,-2.55,-2.00,-1.10
,2008-01-26 09:00,-2.40,-3.52,-3.54,-3.33,-2.29,-3.58,-2.24,-2.98,-3.11,-1.74,-2.51,-2.01,-1.75,-1.11,-0.09
,2008-01-26 10:00,-1.71,-2.91,-2.95,-2.77,-1.49,-2.96,-1.56,-2.26,-2.43,-0.95,-1.74,-1.18,-0.92,-0.17,1.26
,2008-01-26 11:00,-0.89,-2.39,-2.39,-2.21,-0.55,-2.40,-0.77,-1.52,-1.74,0.05,-0.87,-0.16,0.13,1.04,2.91
,2008-01-26 12:00,-0.42,-2.01,-2.02,-1.88,-0.01,-2.00,-0.31,-1.03,-1.28,0.64,-0.32,0.46,0.75,1.77,3.97
,2008-01-26 13:00,-0.04,-1.78,-1.75,-1.61,0.43,-1.76,0.07,-0.71,-0.98,1.09,0.05,0.90,1.22,2.32,4.69
,2008-01-26 14:00,-0.33,-1.80,-1.91,-1.81,0.05,-1.84,-0.19,-0.87,-1.11,0.74,-0.16,0.61,0.84,1.85,4.15
,2008-01-26 15:00,-1.52,-3.02,-2.96,-2.89,-0.96,-2.95,-1.65,-2.03,-2.29,-0.60,-1.39,-0.66,-0.34,0.68,3.12
,2008-01-26 16:00,-1.63,-2.98,-2.99,-2.93,-1.18,-2.95,-1.70,-2.09,-2.33,-0.74,-1.49,-0.81,-0.54,0.39,2.59
,2008-01-26 17:00,-0.87,-2.43,-2.42,-2.26,-0.61,-2.41,-0.90,-1.52,-1.76,0.06,-0.87,-0.14,0.20,1.10,2.75
,2008-01-26 18:00,-0.86,-2.10,-2.26,-2.13,-0.72,-2.19,-0.70,-1.37,-1.55,0.01,-0.76,-0.13,0.05,0.79,2.26
,2008-01-26 19:00,-1.40,-2.47,-2.64,-2.53,-1.26,-2.57,-1.21,-1.83,-1.98,-0.60,-1.28,-0.71,-0.58,0.10,1.53
,2008-01-26 20:00,-1.40,-2.65,-2.75,-2.61,-1.26,-2.71,-1.29,-1.94,-2.11,-0.56,-1.35,-0.74,-0.52,0.23,1.62
,2008-01-26 21:00,-0.97,-2.31,-2.34,-2.17,-0.82,-2.35,-0.88,-1.57,-1.75,-0.15,-0.98,-0.36,-0.09,0.65,1.92
,2008-01-26 22:00,-0.70,-2.08,-2.20,-2.01,-0.66,-2.18,-0.51,-1.33,-1.52,0.20,-0.69,-0.03,0.19,0.93,2.10
,2008-01-26 23:00,-0.93,-2.29,-2.40,-2.21,-0.88,-2.38,-0.70,-1.55,-1.73,-0.03,-0.91,-0.26,-0.05,0.68,1.87
,2008-01-27 00:00,-1.54,-2.89,-2.98,-2.82,-1.40,-2.97,-1.33,-2.13,-2.32,-0.62,-1.49,-0.83,-0.63,0.15,1.56
,2008-01-27 01:00,-1.63,-3.05,-3.15,-2.96,-1.52,-3.13,-1.39,-2.27,-2.46,-0.68,-1.60,-0.92,-0.70,0.10,1.48
,2008-01-27 02:00,-2.00,-3.39,-3.50,-3.33,-1.86,-3.48,-1.77,-2.61,-2.80,-1.05,-1.95,-1.27,-1.06,-0.25,1.23
,2008-01-27 03:00,-2.29,-3.74,-3.85,-3.68,-2.14,-3.83,-2.10,-2.92,-3.12,-1.30,-2.23,-1.52,-1.28,-0.45,1.03
,2008-01-27 04:00,-2.41,-3.90,-3.99,-3.81,-2.22,-3.97,-2.27,-3.05,-3.27,-1.44,-2.36,-1.64,-1.38,-0.52,1.04
,2008-01-27 05:00,-2.78,-4.24,-4.30,-4.14,-2.51,-4.29,-2.67,-3.40,-3.61,-1.84,-2.73,-2.03,-1.76,-0.88,0.81
,2008-01-27 06:00,-3.17,-4.76,-4.73,-4.57,-2.76,-4.75,-3.18,-3.82,-4.06,-2.22,-3.13,-2.39,-2.05,-1.09,0.87
,2008-01-27 07:00,-3.36,-5.11,-5.01,-4.86,-2.83,-5.04,-3.50,-4.03,-4.31,-2.38,-3.31,-2.51,-2.11,-1.06,1.16
,2008-01-27 08:00,-3.42,-5.39,-5.24,-5.07,-2.80,-5.30,-3.53,-4.17,-4.49,-2.31,-3.37,-2.47,-2.02,-0.85,1.68
,2008-01-27 09:00,-3.53,-5.49,-5.41,-5.31,-2.80,-5.42,-3.50,-4.21,-4.55,-2.24,-3.35,-2.38,-2.01,-0.66,2.62
,2008-01-27 10:00,-3.78,-5.97,-5.87,-5.83,-2.83,-5.85,-3.79,-4.44,-4.84,-2.29,-3.44,-2.32,-1.96,-0.41,3.68
,2008-01-27 11:00,-3.51,-5.90,-5.72,-5.69,-2.35,-5.73,-3.60,-4.19,-4.64,-1.96,-3.13,-1.93,-1.53,0.14,4.72
,2008-01-27 12:00,-3.13,-5.39,-5.27,-5.24,-1.98,-5.26,-3.18,-3.76,-4.19,-1.63,-2.73,-1.57,-1.22,0.41,4.93
,2008-01-27 13:00,-3.67,-5.95,-5.83,-5.81,-2.53,-5.82,-3.72,-4.29,-4.73,-2.15,-3.25,-2.08,-1.74,-0.10,4.47
,2008-01-27 14:00,-4.18,-6.36,-6.35,-6.34,-3.11,-6.30,-4.14,-4.77,-5.18,-2.64,-3.72,-2.56,-2.28,-0.68,3.87
,2008-01-27 15:00,-4.31,-6.68,-6.68,-6.60,-3.25,-6.64,-4.23,-5.04,-5.46,-2.68,-3.92,-2.69,-2.34,-0.63,4.00
,2008-01-27 16:00,-4.03,-6.20,-6.31,-6.23,-3.07,-6.22,-3.90,-4.70,-5.09,-2.47,-3.64,-2.48,-2.18,-0.55,3.90
,2008-01-27 17:00,-3.97,-6.01,-6.11,-6.05,-3.02,-6.03,-3.85,-4.58,-4.95,-2.49,-3.57,-2.48,-2.20,-0.64,3.69
,2008-01-27 18:00,-4.15,-6.09,-6.24,-6.19,-3.34,-6.13,-3.98,-4.73,-5.08,-2.67,-3.74,-2.67,-2.44,-0.95,3.06
,2008-01-27 19:00,-4.30,-6.37,-6.49,-6.45,-3.52,-6.38,-4.15,-4.93,-5.30,-2.74,-3.89,-2.76,-2.50,-0.98,3.02
,2008-01-27 20:00,-3.74,-5.66,-5.83,-5.79,-3.05,-5.70,-3.52,-4.32,-4.66,-2.24,-3.33,-2.26,-2.06,-0.65,3.09
,2008-01-27 21:00,-3.41,-5.23,-5.40,-5.37,-2.74,-5.28,-3.19,-3.96,-4.28,-1.98,-3.01,-1.99,-1.81,-0.46,3.12
,2008-01-27 22:00,-2.58,-4.62,-4.71,-4.61,-1.94,-4.64,-2.36,-3.27,-3.61,-1.10,-2.27,-1.20,-0.94,0.45,3.87
,2008-01-27 23:00,-1.95,-3.98,-4.04,-3.91,-1.37,-4.00,-1.78,-2.67,-3.00,-0.55,-1.71,-0.68,-0.39,0.92,3.99
,2008-01-28 00:00,-2.03,-3.97,-4.06,-3.95,-1.52,-4.00,-1.84,-2.71,-3.03,-0.65,-1.77,-0.77,-0.51,0.74,3.66
,2008-01-28 01:00,-1.63,-3.54,-3.60,-3.46,-1.12,-3.56,-1.54,-2.34,-2.64,-0.36,-1.45,-0.50,-0.18,1.04,3.80
,2008-01-28 02:00,-0.61,-2.48,-2.52,-2.38,-0.04,-2.50,-0.41,-1.31,-1.60,0.68,-0.44,0.50,0.80,2.06,5.01
,2008-01-28 03:00,-0.24,-2.07,-2.10,-1.94,0.32,-2.09,-0.01,-0.94,-1.22,1.02,-0.09,0.82,1.12,2.35,5.19
,2008-01-28 04:00,-0.13,-1.99,-1.97,-1.80,0.42,-1.99,0.12,-0.85,-1.14,1.13,-0.02,0.89,1.20,2.43,5.20
,2008-01-28 05:00,0.37,-1.56,-1.52,-1.31,0.88,-1.55,0.60,-0.41,-0.70,1.62,0.43,1.35,1.69,2.90,5.50
,2008-01-28 06:00,0.26,-1.58,-1.58,-1.40,0.65,-1.59,0.47,-0.48,-0.76,1.47,0.34,1.23,1.53,2.65,4.95
,2008-01-28 07:00,-0.34,-1.90,-1.90,-1.76,0.09,-1.90,-0.25,-0.94,-1.18,0.65,-0.24,0.50,0.78,1.75,3.86
,2008-01-28 08:00,-0.03,-1.61,-1.61,-1.47,0.37,-1.62,0.05,-0.64,-0.88,0.96,0.07,0.82,1.10,2.04,4.05
,2008-01-28 09:00,0.38,-1.24,-1.21,-1.06,0.84,-1.22,0.40,-0.24,-0.50,1.35,0.46,1.22,1.52,2.49,4.57
,2008-01-28 10:00,0.52,-1.03,-1.04,-0.95,0.98,-1.02,0.47,-0.03,-0.28,1.48,0.67,1.42,1.70,2.64,4.76
,2008-01-28 11:00,1.11,-0.67,-0.65,-0.52,1.59,-0.64,1.03,0.46,0.17,2.18,1.24,2.08,2.42,3.45,5.65
,2008-01-28 12:00,1.85,-0.17,-0.04,0.12,2.45,-0.08,1.70,1.11,0.77,2.98,1.93,2.85,3.28,4.42,6.85
,2008-01-28 13:00,2.09,-0.01,0.16,0.30,2.83,0.11,1.89,1.35,0.99,3.26,2.20,3.16,3.61,4.86,7.65
,2008-01-28 14:00,2.16,0.47,0.59,0.66,2.83,0.58,2.00,1.62,1.32,3.17,2.33,3.13,3.47,4.55,7.13
,2008-01-28 15:00,1.66,0.22,0.38,0.43,2.28,0.34,1.48,1.20,0.95,2.48,1.79,2.46,2.77,3.67,5.86
,2008-01-28 16:00,0.60,-0.62,-0.50,-0.47,1.13,-0.51,0.41,0.22,0.00,1.31,0.72,1.30,1.57,2.37,4.29
,2008-01-28 17:00,-0.09,-1.19,-1.19,-1.17,0.32,-1.14,-0.22,-0.44,-0.64,0.63,0.05,0.61,0.84,1.61,3.44
,2008-01-28 18:00,0.46,-0.57,-0.57,-0.53,0.82,-0.54,0.38,0.11,-0.07,1.12,0.56,1.07,1.29,1.99,3.63
,2008-01-28 19:00,0.70,-0.20,-0.20,-0.16,1.01,-0.18,0.65,0.39,0.24,1.28,0.79,1.24,1.42,2.04,3.45
,2008-01-28 20:00,0.50,-0.28,-0.28,-0.22,0.74,-0.27,0.50,0.21,0.08,1.00,0.55,0.92,1.08,1.60,2.76
,2008-01-28 21:00,0.38,-0.30,-0.33,-0.29,0.56,-0.30,0.37,0.12,0.01,0.84,0.43,0.77,0.92,1.39,2.39
,2008-01-28 22:00,0.67,0.06,-0.02,0.05,0.76,0.02,0.74,0.41,0.32,1.11,0.70,1.01,1.12,1.53,2.31
,2008-01-28 23:00,0.53,-0.10,-0.18,-0.09,0.59,-0.15,0.61,0.23,0.15,0.97,0.52,0.83,0.97,1.38,2.08
,2008-01-29 00:00,0.00,-0.61,-0.70,-0.60,0.07,-0.67,0.11,-0.30,-0.38,0.43,-0.01,0.29,0.41,0.82,1.55
,2008-01-29 01:00,-0.02,-0.83,-0.91,-0.74,-0.02,-0.91,0.14,-0.45,-0.54,0.49,-0.09,0.28,0.45,0.88,1.42
,2008-01-29 02:00,0.80,-0.30,-0.38,-0.13,0.66,-0.40,1.02,0.18,0.07,1.44,0.66,1.13,1.35,1.82,2.09
,2008-01-29 03:00,0.96,-0.19,-0.22,0.06,0.79,-0.28,1.18,0.30,0.19,1.57,0.77,1.23,1.47,1.90,1.98
,2008-01-29 04:00,1.19,0.04,-0.06,0.24,0.92,-0.10,1.50,0.51,0.40,1.84,1.01,1.48,1.68,2.08,2.00
,2008-01-29 05:00,0.92,-0.03,-0.18,0.08,0.64,-0.19,1.25,0.33,0.25,1.50,0.77,1.18,1.33,1.66,1.53
,2008-01-29 06:00,0.59,-0.38,-0.53,-0.27,0.31,-0.54,0.90,-0.01,-0.09,1.17,0.44,0.85,1.01,1.34,1.23
,2008-01-29 07:00,0.54,-0.41,-0.53,-0.26,0.28,-0.56,0.83,-0.05,-0.12,1.08,0.38,0.77,0.93,1.24,1.09
,2008-01-29 08:00,0.42,-0.77,-0.71,-0.42,0.32,-0.80,0.56,-0.28,-0.40,1.00,0.16,0.61,0.93,1.40,1.52
,2008-01-29 09:00,0.57,-0.42,-0.50,-0.26,0.44,-0.53,0.81,-0.02,-0.11,1.15,0.40,0.82,1.04,1.49,1.73
,2008-01-29 10:00,0.44,-0.53,-0.57,-0.39,0.50,-0.59,0.60,-0.05,-0.17,1.03,0.37,0.81,1.00,1.51,2.23
,2008-01-29 11:00,0.82,-0.42,-0.42,-0.29,1.12,-0.43,0.97,0.33,0.14,1.63,0.88,1.48,1.68,2.42,3.96
,2008-01-29 12:00,1.81,0.24,0.22,0.37,2.17,0.21,1.96,1.20,0.96,2.81,1.92,2.67,2.90,3.77,5.57
,2008-01-29 13:00,1.66,-0.10,-0.10,0.05,2.08,-0.11,1.74,1.00,0.72,2.74,1.80,2.63,2.89,3.86,5.88
,2008-01-29 14:00,0.83,-0.72,-0.77,-0.65,1.22,-0.75,0.97,0.26,0.02,1.86,0.99,1.76,1.96,2.87,4.88
,2008-01-29 15:00,0.35,-0.95,-0.95,-0.83,0.68,-0.97,0.48,-0.15,-0.35,1.18,0.44,1.06,1.26,2.01,3.62
,2008-01-29 16:00,-0.58,-1.55,-1.64,-1.56,-0.36,-1.60,-0.45,-0.95,-1.10,0.12,-0.47,0.03,0.16,0.78,2.16
,2008-01-29 17:00,-1.14,-1.86,-2.01,-1.95,-0.99,-1.95,-0.97,-1.42,-1.53,-0.54,-1.03,-0.62,-0.54,0.00,1.20
,2008-01-29 18:00,-1.26,-1.79,-1.96,-1.92,-1.18,-1.88,-1.08,-1.47,-1.55,-0.75,-1.15,-0.83,-0.79,-0.36,0.59
,2008-01-29 19:00,-1.59,-1.97,-2.14,-2.12,-1.55,-2.06,-1.42,-1.73,-1.79,-1.18,-1.48,-1.23,-1.22,-0.89,-0.10
,2008-01-29 20:00,-1.62,-1.99,-2.14,-2.12,-1.63,-2.07,-1.45,-1.77,-1.82,-1.24,-1.53,-1.28,-1.29,-1.01,-0.40
,2008-01-29 21:00,-1.83,-2.37,-2.43,-2.35,-1.79,-2.42,-1.68,-2.08,-2.15,-1.44,-1.82,-1.54,-1.47,-1.16,-0.57
,2008-01-29 22:00,-2.05,-2.34,-2.47,-2.43,-2.07,-2.43,-1.86,-2.18,-2.22,-1.74,-1.99,-1.80,-1.81,-1.60,-1.11
,2008-01-29 23:00,-2.50,-2.70,-2.86,-2.83,-2.55,-2.80,-2.32,-2.59,-2.61,-2.23,-2.42,-2.26,-2.30,-2.13,-1.72
,2008-01-30 00:00,-2.75,-2.99,-3.06,-3.02,-2.73,-3.04,-2.62,-2.86,-2.89,-2.53,-2.72,-2.58,-2.57,-2.39,-1.97
,2008-01-30 01:00,-2.68,-2.91,-2.96,-2.92,-2.65,-2.96,-2.55,-2.79,-2.82,-2.48,-2.66,-2.53,-2.52,-2.35,-1.93
,2008-01-30 02:00,-2.63,-3.02,-3.03,-2.95,-2.58,-3.05,-2.50,-2.83,-2.88,-2.37,-2.65,-2.47,-2.41,-2.17,-1.66
,2008-01-30 03:00,-2.79,-3.14,-3.21,-3.12,-2.79,-3.20,-2.65,-2.99,-3.02,-2.53,-2.81,-2.63,-2.58,-2.35,-1.94
,2008-01-30 04:00,-3.13,-3.48,-3.55,-3.50,-3.14,-3.53,-2.99,-3.29,-3.34,-2.84,-3.10,-2.91,-2.88,-2.66,-2.20
,2008-01-30 05:00,-3.90,-4.14,-4.21,-4.19,-3.83,-4.18,-3.76,-3.99,-4.03,-3.64,-3.84,-3.67,-3.67,-3.44,-2.77
,2008-01-30 06:00,-4.12,-4.48,-4.49,-4.44,-4.00,-4.50,-4.03,-4.28,-4.33,-3.85,-4.11,-3.91,-3.84,-3.56,-2.83
,2008-01-30 07:00,-4.48,-4.90,-4.94,-4.92,-4.39,-4.91,-4.41,-4.64,-4.70,-4.14,-4.42,-4.18,-4.12,-3.79,-2.94
,2008-01-30 08:00,-4.82,-5.35,-5.36,-5.33,-4.62,-5.35,-4.75,-5.00,-5.10,-4.41,-4.75,-4.45,-4.36,-3.94,-2.80
,2008-01-30 09:00,-4.93,-5.36,-5.43,-5.45,-4.69,-5.37,-4.85,-5.03,-5.12,-4.52,-4.78,-4.50,-4.47,-4.03,-2.64
,2008-01-30 10:00,-5.81,-5.86,-6.03,-6.17,-5.47,-5.89,-5.74,-5.65,-5.70,-5.49,-5.49,-5.30,-5.41,-5.03,-3.29
,2008-01-30 11:00,-6.22,-6.78,-6.84,-6.89,-5.68,-6.78,-6.15,-6.29,-6.42,-5.69,-5.97,-5.59,-5.55,-4.92,-2.70
,2008-01-30 12:00,-6.41,-7.22,-7.34,-7.38,-5.89,-7.25,-6.27,-6.56,-6.73,-5.66,-6.07,-5.55,-5.53,-4.78,-2.32
,2008-01-30 13:00,-6.50,-7.63,-7.71,-7.73,-5.97,-7.64,-6.41,-6.77,-7.00,-5.60,-6.17,-5.51,-5.43,-4.56,-1.99
,2008-01-30 14:00,-6.22,-7.68,-7.69,-7.64,-5.75,-7.66,-6.10,-6.68,-6.93,-5.19,-5.97,-5.20,-5.04,-4.10,-1.65
,2008-01-30 15:00,-6.89,-8.60,-8.58,-8.48,-6.47,-8.56,-6.81,-7.50,-7.78,-5.76,-6.71,-5.85,-5.59,-4.57,-2.16
,2008-01-30 16:00,-7.13,-8.79,-8.78,-8.68,-6.73,-8.77,-7.01,-7.72,-8.00,-6.01,-6.96,-6.12,-5.87,-4.87,-2.53
,2008-01-30 17:00,-7.19,-8.71,-8.78,-8.67,-6.88,-8.74,-7.01,-7.75,-7.99,-6.12,-7.01,-6.22,-6.03,-5.09,-2.91
,2008-01-30 18:00,-7.13,-8.67,-8.69,-8.56,-6.85,-8.68,-6.99,-7.73,-7.97,-6.11,-7.02,-6.25,-6.02,-5.11,-3.12
,2008-01-30 19:00,-7.16,-8.67,-8.68,-8.53,-6.90,-8.68,-6.99,-7.76,-7.99,-6.17,-7.07,-6.33,-6.10,-5.22,-3.32
,2008-01-30 20:00,-7.37,-8.79,-8.83,-8.69,-7.13,-8.82,-7.17,-7.93,-8.15,-6.40,-7.27,-6.55,-6.35,-5.51,-3.68
,2008-01-30 21:00,-7.55,-8.93,-9.01,-8.89,-7.34,-8.98,-7.31,-8.09,-8.30,-6.56,-7.41,-6.69,-6.53,-5.70,-3.84
,2008-01-30 22:00,-7.63,-9.09,-9.18,-9.05,-7.40,-9.15,-7.39,-8.20,-8.42,-6.59,-7.48,-6.73,-6.55,-5.68,-3.71
,2008-01-30 23:00,-7.75,-9.21,-9.33,-9.21,-7.51,-9.28,-7.48,-8.31,-8.53,-6.67,-7.57,-6.80,-6.64,-5.74,-3.69
,2008-01-31 00:00,-7.97,-9.44,-9.55,-9.44,-7.71,-9.51,-7.74,-8.52,-8.75,-6.90,-7.79,-7.01,-6.84,-5.93,-3.83
,2008-01-31 01:00,-8.31,-9.86,-9.93,-9.82,-8.00,-9.90,-8.11,-8.89,-9.13,-7.22,-8.13,-7.33,-7.14,-6.18,-3.93
,2008-01-31 02:00,-8.51,-10.08,-10.13,-10.02,-8.15,-10.10,-8.31,-9.08,-9.34,-7.39,-8.32,-7.50,-7.30,-6.31,-3.95
,2008-01-31 03:00,-8.69,-10.28,-10.32,-10.21,-8.32,-10.30,-8.49,-9.28,-9.53,-7.57,-8.52,-7.69,-7.48,-6.47,-4.06
,2008-01-31 04:00,-8.97,-10.59,-10.67,-10.56,-8.63,-10.63,-8.74,-9.57,-9.82,-7.80,-8.77,-7.92,-7.72,-6.69,-4.23
,2008-01-31 05:00,-9.31,-10.86,-10.94,-10.84,-8.97,-10.89,-9.10,-9.88,-10.13,-8.18,-9.12,-8.29,-8.09,-7.08,-4.65
,2008-01-31 06:00,-9.71,-11.23,-11.25,-11.16,-9.34,-11.23,-9.54,-10.26,-10.51,-8.64,-9.54,-8.75,-8.54,-7.55,-5.14
,2008-01-31 07:00,-10.44,-11.86,-11.87,-11.81,-10.00,-11.85,-10.28,-10.92,-11.16,-9.39,-10.24,-9.47,-9.28,-8.29,-5.74
,2008-01-31 08:00,-10.53,-11.93,-11.92,-11.85,-10.00,-11.91,-10.36,-11.01,-11.25,-9.51,-10.34,-9.60,-9.39,-8.37,-5.61
,2008-01-31 09:00,-9.92,-11.11,-11.09,-11.09,-9.39,-11.06,-9.79,-10.28,-10.50,-8.98,-9.71,-9.04,-8.85,-7.86,-5.10
,2008-01-31 10:00,-9.22,-10.29,-10.37,-10.44,-8.68,-10.25,-9.12,-9.48,-9.69,-8.26,-8.91,-8.24,-8.11,-7.09,-4.07
,2008-01-31 11:00,-8.25,-9.66,-9.71,-9.76,-7.60,-9.60,-8.14,-8.61,-8.89,-7.08,-7.90,-7.06,-6.90,-5.71,-2.30
,2008-01-31 12:00,-7.78,-9.47,-9.38,-9.37,-7.08,-9.36,-7.72,-8.27,-8.58,-6.56,-7.48,-6.58,-6.34,-5.13,-1.85
,2008-01-31 13:00,-7.19,-9.06,-8.90,-8.87,-6.48,-8.92,-7.17,-7.75,-8.09,-5.95,-6.92,-5.97,-5.70,-4.48,-1.28
,2008-01-31 14:00,-7.28,-9.25,-9.05,-9.00,-6.51,-9.10,-7.22,-7.88,-8.23,-5.97,-7.01,-6.01,-5.73,-4.45,-1.07
,2008-01-31 15:00,-7.91,-9.82,-9.65,-9.59,-7.22,-9.68,-7.87,-8.52,-8.85,-6.67,-7.68,-6.72,-6.43,-5.22,-2.07
,2008-01-31 16:00,-8.73,-10.46,-10.42,-10.37,-8.18,-10.39,-8.65,-9.28,-9.59,-7.52,-8.47,-7.57,-7.32,-6.17,-3.23
,2008-01-31 17:00,-10.12,-11.56,-11.57,-11.58,-9.54,-11.51,-10.07,-10.53,-10.80,-9.05,-9.83,-9.03,-8.84,-7.76,-4.76
,2008-01-31 18:00,-10.97,-12.09,-12.23,-12.27,-10.44,-12.11,-10.83,-11.24,-11.46,-9.97,-10.61,-9.91,-9.82,-8.83,-5.88
,2008-01-31 19:00,-11.34,-12.15,-12.35,-12.44,-10.86,-12.20,-11.19,-11.47,-11.65,-10.47,-10.95,-10.37,-10.34,-9.48,-6.69
,2008-01-31 20:00,-11.61,-12.29,-12.44,-12.55,-11.12,-12.31,-11.49,-11.68,-11.84,-10.85,-11.24,-10.72,-10.71,-9.92,-7.21
,2008-01-31 21:00,-11.38,-11.78,-11.98,-12.13,-10.93,-11.82,-11.26,-11.33,-11.45,-10.75,-10.98,-10.58,-10.63,-9.95,-7.39
,2008-01-31 22:00,-11.34,-11.97,-11.97,-12.07,-10.75,-11.91,-11.34,-11.40,-11.56,-10.72,-11.05,-10.61,-10.53,-9.79,-7.18
,2008-01-31 23:00,-11.10,-11.90,-11.86,-11.92,-10.50,-11.83,-11.10,-11.26,-11.43,-10.43,-10.86,-10.36,-10.24,-9.43,-6.78
