@T,table
Created,2018-10-01 13:00
Author,HortonMachine library
@H,timestamp,value_1
ID,,1
Type,Date,Double
Format,yyyy-MM-dd HH:mm,
,2016-06-15 00:00,-9999
,2016-06-15 01:00,0.09792394884945843
,2016-06-15 02:00,0.0856010470149818
,2016-06-15 03:00,0.09057097308439052
,2016-06-15 04:00,0.08258797251301961
,2016-06-15 05:00,0.10990332907863548
,2016-06-15 06:00,0.19555903742287978
,2016-06-15 07:00,0.28705428721935045
,2016-06-15 08:00,0.3909124655553697
,2016-06-15 09:00,0.46913323213397135
,2016-06-15 10:00,0.5828472464841034
,2016-06-15 11:00,0.6411640274626593
,2016-06-15 12:00,0.7736656246604219
,2016-06-15 13:00,0.6701856192942699
,2016-06-15 14:00,0.6568068044945004
,2016-06-15 15:00,0.45076340039234647
,2016-06-15 16:00,0.42260115037842355
,2016-06-15 17:00,0.4824371429188156
,2016-06-15 18:00,0.43811888067035065
,2016-06-15 19:00,0.38892575399948653
,2016-06-15 20:00,0.30516231940419086
,2016-06-15 21:00,0.3021802672451018
,2016-06-15 22:00,0.279205892294376
,2016-06-15 23:00,0.21087423603792008
,2016-06-16 00:00,0.15674652248327298
,2016-06-16 01:00,0.12695948864199533
,2016-06-16 02:00,0.13450831419749135
,2016-06-16 03:00,0.0856010470149818
,2016-06-16 04:00,0.13839916273202008
,2016-06-16 05:00,0.13268174014195042
,2016-06-16 06:00,0.15175641234323908
,2016-06-16 07:00,0.18965103602214012
,2016-06-16 08:00,0.35344190689154087
,2016-06-16 09:00,0.46221196454900637
,2016-06-16 10:00,0.616047424032394
,2016-06-16 11:00,0.699054016299917
,2016-06-16 12:00,0.7431325875085855
,2016-06-16 13:00,0.7504375638710084
,2016-06-16 14:00,0.7296325390834497
,2016-06-16 15:00,0.7338728768443736
,2016-06-16 16:00,0.5854385866802317
,2016-06-16 17:00,0.45879776167402553
,2016-06-16 18:00,0.41342576990760654
,2016-06-16 19:00,0.27654365034801814
,2016-06-16 20:00,0.20206970536259408
,2016-06-16 21:00,0.18279354335195286
,2016-06-16 22:00,0.48866434757930227
,2016-06-16 23:00,0.41305736606109944
,2016-06-17 00:00,0.3624731871164041
,2016-06-17 01:00,0.28992993228468183
,2016-06-17 02:00,0.34574102792012984
,2016-06-17 03:00,0.34453846279521966
,2016-06-17 04:00,0.2973118719607234
,2016-06-17 05:00,0.35051780818689493
,2016-06-17 06:00,0.44285172395234623
,2016-06-17 07:00,0.5214504606722441
,2016-06-17 08:00,0.5808842999305458
,2016-06-17 09:00,0.6542369404661332
,2016-06-17 10:00,0.7296873468421645
,2016-06-17 11:00,0.7453102238673608
,2016-06-17 12:00,0.7831244929686852
,2016-06-17 13:00,0.7906765341848276
,2016-06-17 14:00,0.7739776552647928
,2016-06-17 15:00,0.7343538412487359
,2016-06-17 16:00,0.6859911936162598
,2016-06-17 17:00,0.6221753738523284
,2016-06-17 18:00,0.5259891197236144
,2016-06-17 19:00,0.4256625966589152
,2016-06-17 20:00,0.3556766801564833
,2016-06-17 21:00,0.2676942161088962
,2016-06-17 22:00,0.2600291471028451
,2016-06-17 23:00,0.22000764997559275
,2016-06-18 00:00,0.18944614638622048
,2016-06-18 01:00,0.18387153871138098
,2016-06-18 02:00,0.16625467142122746
,2016-06-18 03:00,0.0856010470149818
,2016-06-18 04:00,0.15316772934336362
,2016-06-18 05:00,0.17666100455694517
,2016-06-18 06:00,0.28528465312764634
,2016-06-18 07:00,0.4123021332908988
,2016-06-18 08:00,0.4926071273425081
,2016-06-18 09:00,0.5581006435449836
,2016-06-18 10:00,0.6362672716866333
,2016-06-18 11:00,0.6215538738708519
,2016-06-18 12:00,0.6745862334970393
,2016-06-18 13:00,0.6929881454812599
,2016-06-18 14:00,0.4592881296659566
,2016-06-18 15:00,0.5423234579114308
,2016-06-18 16:00,0.5799079632506803
,2016-06-18 17:00,0.5363607179845364
,2016-06-18 18:00,0.4634875636638513
,2016-06-18 19:00,0.2826995690641196
,2016-06-18 20:00,0.20090607806717775
,2016-06-18 21:00,0.15215495971081014
,2016-06-18 22:00,0.1337239845795274
,2016-06-18 23:00,0.13592345126829147
,2016-06-19 00:00,0.16291929196267907
,2016-06-19 01:00,0.16686919094436892
,2016-06-19 02:00,0.15295168466684597
,2016-06-19 03:00,0.0856010470149818
,2016-06-19 04:00,0.1566120661231867
,2016-06-19 05:00,0.15353193431299766
,2016-06-19 06:00,0.1409832927238289
,2016-06-19 07:00,0.10835885239845225
,2016-06-19 08:00,0.06499085523911913
,2016-06-19 09:00,0.05606293981876444
,2016-06-19 10:00,0.08054123768851841
,2016-06-19 11:00,0.08860895598576526
,2016-06-19 12:00,0.08695136904008938
,2016-06-19 13:00,0.15228542387107175
,2016-06-19 14:00,0.41241850975008054
,2016-06-19 15:00,0.3877598741015806
,2016-06-19 16:00,0.39001379006766523
,2016-06-19 17:00,0.3450782788735236
,2016-06-19 18:00,0.26841706796203946
,2016-06-19 19:00,0.21261885169603326
,2016-06-19 20:00,0.1760682655370202
,2016-06-19 21:00,0.12191745348594425
,2016-06-19 22:00,0.12021065269859153
,2016-06-19 23:00,0.09426355949700772
,2016-06-20 00:00,0.10248703090356877
,2016-06-20 01:00,0.10509568805756533
,2016-06-20 02:00,0.0856010470149818
,2016-06-20 03:00,0.11557426726023834
,2016-06-20 04:00,0.12204902389612596
,2016-06-20 05:00,0.1385592871915209
,2016-06-20 06:00,0.23053503800767974
,2016-06-20 07:00,0.266663874453472
,2016-06-20 08:00,0.45736725984528326
,2016-06-20 09:00,0.5323457352875387
,2016-06-20 10:00,0.58659165102736
,2016-06-20 11:00,0.5839163313488362
,2016-06-20 12:00,0.702664686762646
,2016-06-20 13:00,0.7164017647189587
,2016-06-20 14:00,0.6784419660829671
,2016-06-20 15:00,0.7506711066242086
,2016-06-20 16:00,0.667281418015285
,2016-06-20 17:00,0.6603749455850894
,2016-06-20 18:00,0.5765922997966382
,2016-06-20 19:00,0.42853609855705593
,2016-06-20 20:00,0.34081232770679193
,2016-06-20 21:00,0.2716467452970578
,2016-06-20 22:00,0.23909371759949566
,2016-06-20 23:00,0.19120528975682421
,2016-06-21 00:00,0.1722303602275622
,2016-06-21 01:00,0.157002289845223
,2016-06-21 02:00,0.13305466308219582
,2016-06-21 03:00,0.14882585724421862
,2016-06-21 04:00,0.14588321394768375
,2016-06-21 05:00,0.1692805031845358
,2016-06-21 06:00,0.22722269058956288
,2016-06-21 07:00,0.34386787061125484
,2016-06-21 08:00,0.5309651840019133
,2016-06-21 09:00,0.6448655248124935
,2016-06-21 10:00,0.7610914611569971
,2016-06-21 11:00,0.8977616046811765
,2016-06-21 12:00,0.9344803426304362
,2016-06-21 13:00,0.93486726945547
,2016-06-21 14:00,0.956041045334509
,2016-06-21 15:00,0.9313086884623382
,2016-06-21 16:00,0.880196137109968
,2016-06-21 17:00,0.7847937599946716
,2016-06-21 18:00,0.6211505597839623
,2016-06-21 19:00,0.48212484054766164
,2016-06-21 20:00,0.3987783350668488
,2016-06-21 21:00,0.2729831344036509
,2016-06-21 22:00,0.2545167349304356
,2016-06-21 23:00,0.22171190420466821
,2016-06-22 00:00,0.18329377897922924
,2016-06-22 01:00,0.17829691482165674
,2016-06-22 02:00,0.17214036470840713
,2016-06-22 03:00,0.14771788411611206
,2016-06-22 04:00,0.12006775843803227
,2016-06-22 05:00,0.1642475343709411
,2016-06-22 06:00,0.22262912618602793
,2016-06-22 07:00,0.3819966364734093
,2016-06-22 08:00,0.5309875959044112
,2016-06-22 09:00,0.7095641719643047
,2016-06-22 10:00,0.8060605267586398
,2016-06-22 11:00,0.8883300678170724
,2016-06-22 12:00,0.8827830162559895
,2016-06-22 13:00,0.9948556824061638
,2016-06-22 14:00,0.9155452236257535
,2016-06-22 15:00,0.9244531144837838
,2016-06-22 16:00,0.8904529135797922
,2016-06-22 17:00,0.756139843751996
,2016-06-22 18:00,0.6818063631590014
,2016-06-22 19:00,0.5353971184994809
,2016-06-22 20:00,0.4404698636820574
,2016-06-22 21:00,0.35525045738154054
,2016-06-22 22:00,0.2938053334030948
,2016-06-22 23:00,0.2491856227546936
,2016-06-23 00:00,0.2312917392203576
,2016-06-23 01:00,0.1989664325217797
,2016-06-23 02:00,0.1733908199453599
,2016-06-23 03:00,0.15313926952420898
,2016-06-23 04:00,0.14373712003557698
,2016-06-23 05:00,0.1853692274619953
,2016-06-23 06:00,0.2868244578133476
,2016-06-23 07:00,0.4420895025374975
,2016-06-23 08:00,0.5903572306633084
,2016-06-23 09:00,0.7740350358647324
,2016-06-23 10:00,0.9235366312002882
,2016-06-23 11:00,1.0589035868106038
,2016-06-23 12:00,1.0534766469922199
,2016-06-23 13:00,1.06709676204682
,2016-06-23 14:00,1.0624120333884857
,2016-06-23 15:00,1.00345764730896
,2016-06-23 16:00,0.9179798449044424
,2016-06-23 17:00,0.8543044849462567
,2016-06-23 18:00,0.69101975433911
,2016-06-23 19:00,0.5648325751310878
,2016-06-23 20:00,0.4672903934593555
,2016-06-23 21:00,0.3827043963322208
,2016-06-23 22:00,0.3029700281407074
,2016-06-23 23:00,0.28492663346760116
,2016-06-24 00:00,0.2059862942680142
,2016-06-24 01:00,0.1696839979051132
,2016-06-24 02:00,0.1861332809128365
,2016-06-24 03:00,0.17907596506230547
,2016-06-24 04:00,0.15417877191110266
,2016-06-24 05:00,0.16498738270356603
,2016-06-24 06:00,0.27265203450957254
,2016-06-24 07:00,0.41174165859163325
,2016-06-24 08:00,0.5908629253388981
,2016-06-24 09:00,0.7930334723333338
,2016-06-24 10:00,0.9270586341642901
,2016-06-24 11:00,1.0428796684404849
,2016-06-24 12:00,1.0840472277934619
,2016-06-24 13:00,1.124802131245193
,2016-06-24 14:00,1.031767439225897
,2016-06-24 15:00,1.0392859457514836
,2016-06-24 16:00,0.9947089149992274
,2016-06-24 17:00,0.8704957827727687
,2016-06-24 18:00,0.7289007529209498
,2016-06-24 19:00,0.6010989397129523
,2016-06-24 20:00,0.4691214228789637
,2016-06-24 21:00,0.3899591787240777
,2016-06-24 22:00,0.34917332569352005
,2016-06-24 23:00,0.3047737168272131
,2016-06-25 00:00,0.2967228707595346
,2016-06-25 01:00,0.2170651904252908
,2016-06-25 02:00,0.16065999970472722
,2016-06-25 03:00,0.18789241898180736
,2016-06-25 04:00,0.18001901229077058
,2016-06-25 05:00,0.19707431127889058
,2016-06-25 06:00,0.302777898657853
,2016-06-25 07:00,0.4708060202021603
,2016-06-25 08:00,0.6642459922873581
,2016-06-25 09:00,0.8344454529263277
,2016-06-25 10:00,0.960582519468057
,2016-06-25 11:00,1.0567910747958253
,2016-06-25 12:00,1.1296556897429226
,2016-06-25 13:00,0.866144353419634
,2016-06-25 14:00,0.25461845078545603
,2016-06-25 15:00,0.41387057506632235
,2016-06-25 16:00,0.7910009486034342
,2016-06-25 17:00,0.8122848334780278
,2016-06-25 18:00,0.7575631770658856
,2016-06-25 19:00,0.7414756269038462
,2016-06-25 20:00,0.3903731900824298
,2016-06-25 21:00,0.34803124870005336
,2016-06-25 22:00,0.320608999579177
,2016-06-25 23:00,0.332397334620201
,2016-06-26 00:00,0.2797268092635227
,2016-06-26 01:00,0.2585104803139959
,2016-06-26 02:00,0.2266576979810337
,2016-06-26 03:00,0.2285090370170466
,2016-06-26 04:00,0.22335958764896646
,2016-06-26 05:00,0.24796138950654548
,2016-06-26 06:00,0.34759475178399285
,2016-06-26 07:00,0.44034151001163546
,2016-06-26 08:00,0.5324449508142597
,2016-06-26 09:00,0.6646888844655121
,2016-06-26 10:00,0.7881326520406683
,2016-06-26 11:00,0.8673942464849969
,2016-06-26 12:00,0.7625991986378735
,2016-06-26 13:00,0.929969793367168
,2016-06-26 14:00,1.0090689450643298
,2016-06-26 15:00,1.027424795179935
,2016-06-26 16:00,1.037105734504949
,2016-06-26 17:00,1.1307301953602884
,2016-06-26 18:00,0.9193862149790852
,2016-06-26 19:00,0.7371545164461994
,2016-06-26 20:00,0.5933742957089934
,2016-06-26 21:00,0.6043467609961732
,2016-06-26 22:00,0.5345772597433585
,2016-06-26 23:00,0.4088276023972652
,2016-06-27 00:00,0.35425312752043714
,2016-06-27 01:00,0.3255300027456375
,2016-06-27 02:00,0.2930289945296062
,2016-06-27 03:00,0.23395986260388954
,2016-06-27 04:00,0.20557838185865665
,2016-06-27 05:00,0.22206695103139915
,2016-06-27 06:00,0.24101422639867193
,2016-06-27 07:00,0.4093188715295199
,2016-06-27 08:00,0.5014603399314567
,2016-06-27 09:00,0.5873625461322649
,2016-06-27 10:00,0.717638144825751
,2016-06-27 11:00,0.8040131419498748
,2016-06-27 12:00,0.8773124104777879
,2016-06-27 13:00,0.7717879973925088
,2016-06-27 14:00,0.7669158621917965
,2016-06-27 15:00,0.8684508144253686
,2016-06-27 16:00,0.8494384143606442
,2016-06-27 17:00,0.790248061419208
,2016-06-27 18:00,0.6170607859540731
,2016-06-27 19:00,0.3881173354137274
,2016-06-27 20:00,0.3110529059676264
,2016-06-27 21:00,0.24740953068195512
,2016-06-27 22:00,0.21975925528862464
,2016-06-27 23:00,0.200543223962898
,2016-06-28 00:00,0.1663239208932025
,2016-06-28 01:00,0.14989421010037193
,2016-06-28 02:00,0.149667927984616
,2016-06-28 03:00,0.1300975078925137
,2016-06-28 04:00,0.11860651744630679
,2016-06-28 05:00,0.12089686724868272
,2016-06-28 06:00,0.2049085305515644
,2016-06-28 07:00,0.30640054587611293
,2016-06-28 08:00,0.40897308507157165
,2016-06-28 09:00,0.5838669626194324
,2016-06-28 10:00,0.7548580292059104
,2016-06-28 11:00,0.8690619959707818
,2016-06-28 12:00,0.9749585427805344
,2016-06-28 13:00,1.0152650830964771
,2016-06-28 14:00,1.0139101082788877
,2016-06-28 15:00,0.9669235960176626
,2016-06-28 16:00,0.9176804058853826
,2016-06-28 17:00,0.8304627129276082
,2016-06-28 18:00,0.7100386009762168
,2016-06-28 19:00,0.5723680745290578
,2016-06-28 20:00,0.48083965757364416
,2016-06-28 21:00,0.43029597877685694
,2016-06-28 22:00,0.3888892573136799
,2016-06-28 23:00,0.3518325222194407
,2016-06-29 00:00,0.2914066335787892
,2016-06-29 01:00,0.2688130676835478
,2016-06-29 02:00,0.22981304035633154
,2016-06-29 03:00,0.1910641278536997
,2016-06-29 04:00,0.17386587252542204
,2016-06-29 05:00,0.2003164758730551
,2016-06-29 06:00,0.2750834137699981
,2016-06-29 07:00,0.41449969865643893
,2016-06-29 08:00,0.5419423071172162
,2016-06-29 09:00,0.6428062848803756
,2016-06-29 10:00,0.7794304066411933
,2016-06-29 11:00,0.962739008816742
,2016-06-29 12:00,1.0129684918238382
,2016-06-29 13:00,1.093953595939576
,2016-06-29 14:00,1.0834391486557677
,2016-06-29 15:00,0.9993165219124915
,2016-06-29 16:00,0.9281072015613148
,2016-06-29 17:00,0.7898109092880725
,2016-06-29 18:00,0.7080684068862376
,2016-06-29 19:00,0.5363560333680676
,2016-06-29 20:00,0.4181329235304527
,2016-06-29 21:00,0.3694672336689016
,2016-06-29 22:00,0.3198558639945341
,2016-06-29 23:00,0.2879328856885802
,2016-06-30 00:00,0.23770839698694363
,2016-06-30 01:00,0.23076665904713883
,2016-06-30 02:00,0.2228675936366079
,2016-06-30 03:00,0.16683525838673824
,2016-06-30 04:00,0.16891329332904476
,2016-06-30 05:00,0.21619281750015182
,2016-06-30 06:00,0.30085860344496074
,2016-06-30 07:00,0.4176144906417861
,2016-06-30 08:00,0.5791690106201005
,2016-06-30 09:00,0.72596717012417
,2016-06-30 10:00,0.8635929562434234
,2016-06-30 11:00,0.9564828533405022
,2016-06-30 12:00,1.041711726286007
,2016-06-30 13:00,1.0201112536419905
,2016-06-30 14:00,1.0804190192043215
,2016-06-30 15:00,0.9540764630694226
,2016-06-30 16:00,0.9400879510966332
,2016-06-30 17:00,0.7530812485162632
,2016-06-30 18:00,0.6435078657777693
,2016-06-30 19:00,0.5911985205219944
,2016-06-30 20:00,0.54298679156183
,2016-06-30 21:00,0.4750235658990436
,2016-06-30 22:00,0.38884797629974377
,2016-06-30 23:00,0.3628812360771481
,2016-07-01 00:00,0.3130610994255122
,2016-07-01 01:00,0.3011666742517254
,2016-07-01 02:00,0.27976912720828984
,2016-07-01 03:00,0.2607135577171172
,2016-07-01 04:00,0.23498827313243684
,2016-07-01 05:00,0.2410842259137271
,2016-07-01 06:00,0.34346569187808457
,2016-07-01 07:00,0.4581503510444297
,2016-07-01 08:00,0.5750610179831043
,2016-07-01 09:00,0.6970736348211237
,2016-07-01 10:00,0.8359147833474216
,2016-07-01 11:00,0.9243948168250611
,2016-07-01 12:00,0.9200322172290263
,2016-07-01 13:00,0.9373725855300394
,2016-07-01 14:00,0.9862546901745992
,2016-07-01 15:00,0.9637682898205631
,2016-07-01 16:00,0.8543016800425765
,2016-07-01 17:00,0.7302850834332534
,2016-07-01 18:00,0.6704250575283636
,2016-07-01 19:00,0.5247263528222058
,2016-07-01 20:00,0.4508903023613862
,2016-07-01 21:00,0.322240355480077
,2016-07-01 22:00,0.2617200543764326
,2016-07-01 23:00,0.3010766537335305
,2016-07-02 00:00,0.26296958932177594
,2016-07-02 01:00,0.17448020262817143
,2016-07-02 02:00,0.20991319940686193
,2016-07-02 03:00,0.2278564350523417
,2016-07-02 04:00,0.1823694413783731
,2016-07-02 05:00,0.17740593740960775
,2016-07-02 06:00,0.21301597739110933
,2016-07-02 07:00,0.2946171214470131
,2016-07-02 08:00,0.4200653273535999
,2016-07-02 09:00,0.6232900380741071
,2016-07-02 10:00,0.7639536017821469
,2016-07-02 11:00,0.9071068597918218
,2016-07-02 12:00,0.7848927981665721
,2016-07-02 13:00,0.813496365123311
,2016-07-02 14:00,1.0056030518516628
,2016-07-02 15:00,0.9398454145485119
,2016-07-02 16:00,0.8475216228035394
,2016-07-02 17:00,0.8844529688350565
,2016-07-02 18:00,0.6587926688457856
,2016-07-02 19:00,0.49245295679676415
,2016-07-02 20:00,0.4459253260059053
,2016-07-02 21:00,0.4126118683724262
,2016-07-02 22:00,0.3774012230595701
,2016-07-02 23:00,0.2843054179130528
,2016-07-03 00:00,0.18469324096800427
,2016-07-03 01:00,0.0856010470149818
,2016-07-03 02:00,0.18002973692658872
,2016-07-03 03:00,0.1654943497188473
,2016-07-03 04:00,0.1504191052934889
,2016-07-03 05:00,0.17167306249271322
,2016-07-03 06:00,0.2438675238482106
,2016-07-03 07:00,0.3580247568756339
,2016-07-03 08:00,0.5039753553541906
,2016-07-03 09:00,0.6422614025328747
,2016-07-03 10:00,0.6829899888937032
,2016-07-03 11:00,0.7542196621900311
,2016-07-03 12:00,0.7823577771526685
,2016-07-03 13:00,0.7444404672220685
,2016-07-03 14:00,0.8435051118290469
,2016-07-03 15:00,0.7603561777763093
,2016-07-03 16:00,0.7079061233630357
,2016-07-03 17:00,0.7239389914509063
,2016-07-03 18:00,0.5122842916712648
,2016-07-03 19:00,0.35574217145095466
,2016-07-03 20:00,0.2601585286743986
,2016-07-03 21:00,0.23345753225167085
,2016-07-03 22:00,0.21865696799271347
,2016-07-03 23:00,0.21478217504724587
,2016-07-04 00:00,0.0856010470149818
,2016-07-04 01:00,0.0856010470149818
,2016-07-04 02:00,0.0856010470149818
,2016-07-04 03:00,0.0856010470149818
,2016-07-04 04:00,0.0856010470149818
,2016-07-04 05:00,0.0915161506018953
,2016-07-04 06:00,0.2368896054602195
,2016-07-04 07:00,0.25452369876974856
,2016-07-04 08:00,0.3461083996816027
,2016-07-04 09:00,0.49163348925537265
,2016-07-04 10:00,0.5958726987546731
,2016-07-04 11:00,0.6587478193903878
,2016-07-04 12:00,0.6761128923885643
,2016-07-04 13:00,0.6962486802905606
,2016-07-04 14:00,0.6057317431062009
,2016-07-04 15:00,0.6554243127375974
,2016-07-04 16:00,0.5797083230825104
,2016-07-04 17:00,0.5574896426340811
,2016-07-04 18:00,0.5054176208329119
,2016-07-04 19:00,0.41503977656125773
,2016-07-04 20:00,0.34479312375302995
,2016-07-04 21:00,0.29159563317915593
,2016-07-04 22:00,0.24958978366336898
,2016-07-04 23:00,0.2437238477882737
,2016-07-05 00:00,0.2268995481151845
,2016-07-05 01:00,0.0856010470149818
,2016-07-05 02:00,0.0856010470149818
,2016-07-05 03:00,0.0856010470149818
,2016-07-05 04:00,0.0856010470149818
,2016-07-05 05:00,0.13288922578994677
,2016-07-05 06:00,0.2157539815357713
,2016-07-05 07:00,0.3311809549614225
,2016-07-05 08:00,0.4792990335601057
,2016-07-05 09:00,0.6559771585996037
,2016-07-05 10:00,0.8075418776267898
,2016-07-05 11:00,0.8972094569228102
,2016-07-05 12:00,0.9748232554026207
,2016-07-05 13:00,0.9231229805337713
,2016-07-05 14:00,0.9891676996475915
,2016-07-05 15:00,0.7591070649515678
,2016-07-05 16:00,0.5386534867607792
,2016-07-05 17:00,0.588702165635376
,2016-07-05 18:00,0.4048623244821688
,2016-07-05 19:00,0.3300055530833005
,2016-07-05 20:00,0.2794940770029439
,2016-07-05 21:00,0.2137311840670656
,2016-07-05 22:00,0.19179732602063504
,2016-07-05 23:00,0.0856010470149818
,2016-07-06 00:00,0.0856010470149818
,2016-07-06 01:00,0.0856010470149818
,2016-07-06 02:00,0.0856010470149818
,2016-07-06 03:00,0.0856010470149818
,2016-07-06 04:00,0.0856010470149818
,2016-07-06 05:00,0.0856010470149818
,2016-07-06 06:00,0.0856010470149818
,2016-07-06 07:00,0.0856010470149818
,2016-07-06 08:00,0.0856010470149818
,2016-07-06 09:00,0.0856010470149818
,2016-07-06 10:00,0.0856010470149818
,2016-07-06 11:00,0.0856010470149818
,2016-07-06 12:00,0.0856010470149818
,2016-07-06 13:00,0.0856010470149818
,2016-07-06 14:00,0.0856010470149818
,2016-07-06 15:00,0.0856010470149818
,2016-07-06 16:00,0.0856010470149818
,2016-07-06 17:00,0.0856010470149818
,2016-07-06 18:00,0.0856010470149818
,2016-07-06 19:00,0.0856010470149818
,2016-07-06 20:00,0.0856010470149818
,2016-07-06 21:00,0.0856010470149818
,2016-07-06 22:00,0.0856010470149818
,2016-07-06 23:00,0.0856010470149818
,2016-07-07 00:00,0.0856010470149818
,2016-07-07 01:00,0.0856010470149818
,2016-07-07 02:00,0.0856010470149818
,2016-07-07 03:00,0.0856010470149818
,2016-07-07 04:00,0.0856010470149818
,2016-07-07 05:00,0.14777195710900248
,2016-07-07 06:00,0.24376274612352375
,2016-07-07 07:00,0.3136996627394121
,2016-07-07 08:00,0.4280053904156184
,2016-07-07 09:00,0.5621411453098561
,2016-07-07 10:00,0.6815884980289794
,2016-07-07 11:00,0.0856010470149818
,2016-07-07 12:00,0.911491528649627
,2016-07-07 13:00,0.9906745554791114
,2016-07-07 14:00,0.9693185408313137
,2016-07-07 15:00,0.7479121620231444
,2016-07-07 16:00,0.6256221573360026
,2016-07-07 17:00,0.6405727076399041
,2016-07-07 18:00,0.576285475225188
,2016-07-07 19:00,0.4621042896155717
,2016-07-07 20:00,0.33268331848082666
,2016-07-07 21:00,0.29842126676894465
,2016-07-07 22:00,0.23042084572852664
,2016-07-07 23:00,0.1979503916097448
,2016-07-08 00:00,0.19722457340049715
,2016-07-08 01:00,0.0856010470149818
,2016-07-08 02:00,0.0856010470149818
,2016-07-08 03:00,0.0856010470149818
,2016-07-08 04:00,0.0856010470149818
,2016-07-08 05:00,0.10405078211014668
,2016-07-08 06:00,0.16459358849137007
,2016-07-08 07:00,0.2925562541975879
,2016-07-08 08:00,0.3871505882208924
,2016-07-08 09:00,0.5110155487671629
,2016-07-08 10:00,0.6806863267948258
,2016-07-08 11:00,0.5066774417023041
,2016-07-08 12:00,0.43765427833621084
,2016-07-08 13:00,0.5270821669295586
,2016-07-08 14:00,0.7702433963047252
,2016-07-08 15:00,0.8440451863347103
,2016-07-08 16:00,0.8587509387526002
,2016-07-08 17:00,0.8482591153282092
,2016-07-08 18:00,0.876336651595018
,2016-07-08 19:00,0.6829033777617798
,2016-07-08 20:00,0.5304030445873474
,2016-07-08 21:00,0.46795229528707477
,2016-07-08 22:00,0.41272095191446906
,2016-07-08 23:00,0.3534543226310335
,2016-07-09 00:00,0.3728363143036088
,2016-07-09 01:00,0.0856010470149818
,2016-07-09 02:00,0.0856010470149818
,2016-07-09 03:00,0.0856010470149818
,2016-07-09 04:00,0.0856010470149818
,2016-07-09 05:00,0.2855511807972091
,2016-07-09 06:00,0.3632943089423174
,2016-07-09 07:00,0.4918879882445295
,2016-07-09 08:00,0.6436778774093217
,2016-07-09 09:00,0.7431814031286313
,2016-07-09 10:00,0.841029981875938
,2016-07-09 11:00,0.9535289775861233
,2016-07-09 12:00,1.0059361232947341
,2016-07-09 13:00,1.0686574137300835
,2016-07-09 14:00,1.0701942616748106
,2016-07-09 15:00,1.0482057074704325
,2016-07-09 16:00,0.9727661803509868
,2016-07-09 17:00,0.8691390647488795
,2016-07-09 18:00,0.7632304297455328
,2016-07-09 19:00,0.616011821904796
,2016-07-09 20:00,0.45943339038561376
,2016-07-09 21:00,0.40654040319868856
,2016-07-09 22:00,0.36354633213214976
,2016-07-09 23:00,0.3135731663017504
,2016-07-10 00:00,0.0856010470149818
,2016-07-10 01:00,0.0856010470149818
,2016-07-10 02:00,0.0856010470149818
,2016-07-10 03:00,0.0856010470149818
,2016-07-10 04:00,0.0856010470149818
,2016-07-10 05:00,0.0856010470149818
,2016-07-10 06:00,0.0856010470149818
,2016-07-10 07:00,0.0856010470149818
,2016-07-10 08:00,0.0856010470149818
,2016-07-10 09:00,0.0856010470149818
,2016-07-10 10:00,0.0856010470149818
,2016-07-10 11:00,0.0856010470149818
,2016-07-10 12:00,0.0856010470149818
,2016-07-10 13:00,0.0856010470149818
,2016-07-10 14:00,0.0856010470149818
,2016-07-10 15:00,0.0856010470149818
,2016-07-10 16:00,0.0856010470149818
,2016-07-10 17:00,0.0856010470149818
,2016-07-10 18:00,0.0856010470149818
,2016-07-10 19:00,0.0856010470149818
,2016-07-10 20:00,0.0856010470149818
,2016-07-10 21:00,0.0856010470149818
,2016-07-10 22:00,0.0856010470149818
,2016-07-10 23:00,0.0856010470149818
,2016-07-11 00:00,0.0856010470149818
,2016-07-11 01:00,0.0856010470149818
,2016-07-11 02:00,0.0856010470149818
,2016-07-11 03:00,0.0856010470149818
,2016-07-11 04:00,0.0856010470149818
,2016-07-11 05:00,0.0856010470149818
,2016-07-11 06:00,0.0856010470149818
,2016-07-11 07:00,0.0856010470149818
,2016-07-11 08:00,0.0856010470149818
,2016-07-11 09:00,0.0856010470149818
,2016-07-11 10:00,0.0856010470149818
,2016-07-11 11:00,0.0856010470149818
,2016-07-11 12:00,0.0856010470149818
,2016-07-11 13:00,0.0856010470149818
,2016-07-11 14:00,0.0856010470149818
,2016-07-11 15:00,0.0856010470149818
,2016-07-11 16:00,0.0856010470149818
,2016-07-11 17:00,0.0856010470149818
,2016-07-11 18:00,0.0856010470149818
,2016-07-11 19:00,0.0856010470149818
,2016-07-11 20:00,0.0856010470149818
,2016-07-11 21:00,0.0856010470149818
,2016-07-11 22:00,0.0856010470149818
,2016-07-11 23:00,0.0856010470149818
,2016-07-12 00:00,0.0856010470149818
,2016-07-12 01:00,0.0856010470149818
,2016-07-12 02:00,0.0856010470149818
,2016-07-12 03:00,0.0856010470149818
,2016-07-12 04:00,0.0856010470149818
,2016-07-12 05:00,0.0856010470149818
,2016-07-12 06:00,0.0856010470149818
,2016-07-12 07:00,0.0856010470149818
,2016-07-12 08:00,0.0856010470149818
,2016-07-12 09:00,0.0856010470149818
,2016-07-12 10:00,0.0856010470149818
,2016-07-12 11:00,0.0856010470149818
,2016-07-12 12:00,0.0856010470149818
,2016-07-12 13:00,0.0856010470149818
,2016-07-12 14:00,0.0856010470149818
,2016-07-12 15:00,0.0856010470149818
,2016-07-12 16:00,0.0856010470149818
,2016-07-12 17:00,0.0856010470149818
,2016-07-12 18:00,0.0856010470149818
,2016-07-12 19:00,0.0856010470149818
,2016-07-12 20:00,0.0856010470149818
,2016-07-12 21:00,0.0856010470149818
,2016-07-12 22:00,0.0856010470149818
,2016-07-12 23:00,0.0856010470149818
,2016-07-13 00:00,0.0856010470149818
,2016-07-13 01:00,0.0856010470149818
,2016-07-13 02:00,0.0856010470149818
,2016-07-13 03:00,0.0856010470149818
,2016-07-13 04:00,0.0856010470149818
,2016-07-13 05:00,0.10741947770177657
,2016-07-13 06:00,0.39766989874987424
,2016-07-13 07:00,0.5021624584119293
,2016-07-13 08:00,0.6520737674882049
,2016-07-13 09:00,0.7969138693012372
,2016-07-13 10:00,0.9896732380767871
,2016-07-13 11:00,1.0394284426428904
,2016-07-13 12:00,0.9865676529741332
,2016-07-13 13:00,0.9352864304623824
,2016-07-13 14:00,0.9705843751560749
,2016-07-13 15:00,1.1296010243852028
,2016-07-13 16:00,0.8667141540647059
,2016-07-13 17:00,0.9727274278777521
,2016-07-13 18:00,0.7990867414702126
,2016-07-13 19:00,0.5803193781523328
,2016-07-13 20:00,0.46964194876348375
,2016-07-13 21:00,0.43158612009494657
,2016-07-13 22:00,0.31981461176518705
,2016-07-13 23:00,0.2845562671854355
,2016-07-14 00:00,0.22963475050937518
,2016-07-14 01:00,0.29936724784365903
,2016-07-14 02:00,0.0856010470149818
,2016-07-14 03:00,0.0856010470149818
,2016-07-14 04:00,0.3534196283987944
,2016-07-14 05:00,0.3804099522352779
,2016-07-14 06:00,0.47858811388202704
,2016-07-14 07:00,0.5674461522163012
,2016-07-14 08:00,0.6219578179504308
,2016-07-14 09:00,0.704017013858376
,2016-07-14 10:00,0.7866742627056736
,2016-07-14 11:00,0.8420038872273042
,2016-07-14 12:00,0.8768238443720074
,2016-07-14 13:00,0.9373623023233024
,2016-07-14 14:00,0.9052499658385841
,2016-07-14 15:00,0.946849974834431
,2016-07-14 16:00,0.8949345290307327
,2016-07-14 17:00,0.774491691400606
,2016-07-14 18:00,0.6363812066641328
,2016-07-14 19:00,0.5473812538400735
,2016-07-14 20:00,0.43409233692781707
,2016-07-14 21:00,0.36680231376961886
,2016-07-14 22:00,0.3225455417829256
,2016-07-14 23:00,0.30616774517495066
,2016-07-15 00:00,0.2939380416899149
,2016-07-15 01:00,0.0856010470149818
,2016-07-15 02:00,0.0856010470149818
,2016-07-15 03:00,0.0856010470149818
,2016-07-15 04:00,0.0856010470149818
,2016-07-15 05:00,0.09182057116103534
,2016-07-15 06:00,0.09968811352707407
,2016-07-15 07:00,0.14597632440695063
,2016-07-15 08:00,0.2960451392688685
,2016-07-15 09:00,0.44128126567846954
,2016-07-15 10:00,0.5536481200193114
,2016-07-15 11:00,0.6348436405112166
,2016-07-15 12:00,0.6133954491302746
,2016-07-15 13:00,0.6918635255819054
,2016-07-15 14:00,0.723802316238569
,2016-07-15 15:00,0.6724189372141746
,2016-07-15 16:00,0.6300107288574274
,2016-07-15 17:00,0.5582993229565506
,2016-07-15 18:00,0.4958222469872109
,2016-07-15 19:00,0.39955243968320553
,2016-07-15 20:00,0.3256672151636109
,2016-07-15 21:00,0.28814752466649973
,2016-07-15 22:00,0.2933517589880298
,2016-07-15 23:00,0.25089725116898504
,2016-07-16 00:00,0.23939387513271138

